timestamp,q1,q2,q3,dq1,dq2,dq3,x,y,min_y
1790323416.0116637,0.5235987755982988,-0.3490658503988659,-0.17453292519943295,0.0,0.0,0.0,6.067691717377732,1.8472963553338604,0.0
1790323416.03159,0.5235987755982988,-0.3490658503988659,-0.17453292519943295,0.0,0.0,0.0,6.067691717377732,1.8472963553338604,0.0
1790323416.051956,0.5235987755982988,-0.3490658503988659,-0.17453292519943295,0.0,0.0,0.0,6.067691717377732,1.8472963553338604,0.0
1790323416.0718014,0.5235987755982988,-0.3490658503988659,-0.17453292519943295,0.0,0.0,0.0,6.067691717377732,1.8472963553338604,0.0
1790323416.0918007,0.5235987755982988,-0.3490658503988659,-0.17453292519943295,0.0,0.0,0.0,6.067691717377732,1.8472963553338604,0.0
1790323416.111564,0.5235987755982988,-0.3490658503988659,-0.17453292519943295,0.0,0.0,0.0,6.067691717377732,1.8472963553338604,0.0
1790323416.1970448,0.5235987756020982,-0.34906585040221233,-0.17453292520233896,9.698468691788616e-08,-8.542180119954367e-08,-7.417966896955194e-08,6.067691717371876,1.8472963553409445,0.0
1790323416.1983488,0.5235987787847113,-0.3490658532053821,-0.17453292763659112,8.619348706012152e-06,-7.591716950717169e-06,-6.592591614864523e-06,6.067691712466177,1.8472963612747597,0.0
1790323416.211744,0.5236062160023449,-0.34907240372945314,-0.1745386160639053,0.0015032103349173773,-0.0013239918431569482,-0.001149744857455593,6.067680248604288,1.847310227536078,0.0
1790323416.2317715,0.5236942239460536,-0.34914991902913983,-0.1746059297846427,0.008125858430215556,-0.007157062475122522,-0.006215140839266532,6.067544577911423,1.8474743069263904,0.0
1790323416.2517247,0.5239624630221883,-0.349386177615559,-0.17481109501747186,0.019551084841123462,-0.017220129647352176,-0.014953834956832723,6.067130912386919,1.8479743319529078,0.0
1790323416.2720118,0.5245064349989756,-0.3498652951704633,-0.1752271572067633,0.03546697764800406,-0.031238468773545375,-0.027127258383655577,6.066291306615955,1.8489880185832699,0.0
1790323416.2918997,0.5254098119021541,-0.35066096802031127,-0.17591811370476443,0.05540807427992551,-0.04880211151268317,-0.0423793976033057,6.064894844677435,1.8506704675632921,0.0
1790323416.312012,0.5267606601354833,-0.3518507629550096,-0.17695132294594396,0.07915930708602457,-0.06972163140270927,-0.060545756058088374,6.062801724829901,1.8531839891593906,0.0
1790323416.3318624,0.5285929492537655,-0.35346459954897114,-0.1783527668704448,0.1057799376020347,-0.09316844842105396,-0.08090680090128416,6.05995315225704,1.8565889172150394,0.0
1790323416.35254,0.531066878832139,-0.3556435777705992,-0.18024497566143774,0.13618413046100328,-0.11994773699297405,-0.1041617397296608,6.056089774952072,1.8611781234376255,0.0
1790323416.3720357,0.5340517739987166,-0.35827260230657315,-0.18252800138850964,0.16782268882810353,-0.1478142252908929,-0.12836079486846247,6.051402060794105,1.8667027875023867,0.0
1790323416.3922129,0.5377475436065092,-0.3615277481110182,-0.1853547462572733,0.20212766080315003,-0.17802922715700614,-0.15459928205637544,6.0455579954435485,1.8735243228601364,0.0
1790323416.4126167,0.5422522231805307,-0.36549536253828857,-0.1888001936803055,0.23904586093697117,-0.2105458981150338,-0.1828365218919506,6.038375165084646,1.8818105399932124,0.0
1790323416.4319308,0.5472848667366215,-0.36992799506016844,-0.19264945942417128,0.2758239156130253,-0.24293913229337138,-0.21096657012857212,6.030273143729403,1.8910308268147449,0.0
1790323416.452606,0.5533028643575927,-0.37522850396249824,-0.1972523826852543,0.3153056192373965,-0.2777136760404251,-0.24116453022189577,6.020477921274815,1.902004595601972,0.0
1790323416.472446,0.5599590081062668,-0.38109107676779297,-0.2023433981391521,0.35468887833873974,-0.31240151219741985,-0.27128719407658475,6.009508821869611,1.9140757953392256,0.0
1790323416.4918928,0.5672894807202014,-0.38754758236909875,-0.20795018050008734,0.3940482374750355,-0.3470682978347104,-0.3013915778135361,5.9972646861493075,1.9272887006764456,0.0
1790323416.512315,0.5756574157185765,-0.3949178601170396,-0.21435047592676387,0.43492152477501633,-0.3830685153233425,-0.33265390404218126,5.983078638810464,1.9422664885165661,0.0
1790323416.531868,0.5846634369181708,-0.4028501489861264,-0.2212388177109086,0.4750231785337684,-0.41838909637603344,-0.3633260389481218,5.967562924180576,1.9582598277194283,0.0
1790323416.5524313,0.5947407773236255,-0.41172603028338434,-0.22894656827572746,0.5159905812961052,-0.45447220852124137,-0.394660350291782,5.949898269399033,1.9759982643910756,0.0
1790323416.572736,0.6055511753509751,-0.42124757126605566,-0.23721500500096893,0.55613084103151,-0.48982679279823044,-0.4253620133496336,5.9305944565634165,1.994839876902235,0.0
1790323416.5921834,0.6169371557055132,-0.43127607144702484,-0.2459236813955069,0.5948172589035793,-0.5239008678054357,-0.4549516914995211,5.909868771920387,2.0144723687152886,0.0
1790323416.61197,0.6291284613129342,-0.442013882920724,-0.2552483185418929,0.6327472148190074,-0.5573086691468825,-0.483962782458843,5.887231851177084,2.035248598252381,0.0
1790323416.631802,0.6420702446772306,-0.45341269731962486,-0.2651469658061974,0.6695881765265312,-0.5897573103395337,-0.5121409457424743,5.862701031863779,2.0570226641326976,0.0
1790323416.652729,0.6562217185944319,-0.4658769783319374,-0.27597085650450964,0.7063426943317371,-0.6221298138028858,-0.5402529915774427,5.835291969863097,2.08049556709318,0.0
1790323416.6725354,0.670519382538893,-0.478470020036714,-0.28690656204878795,0.740165168982436,-0.6519198435230908,-0.5661224360542202,5.806984000860871,2.1038484622284717,0.0
1790323416.6920395,0.6854270749435016,-0.4916003602728857,-0.29830885371788474,0.7722631159395796,-0.6801909503443982,-0.5906728589668505,5.776815065809785,2.1278035534783473,0.0
1790323416.7128856,0.7016144604094257,-0.5058578236637948,-0.3106899309116632,0.8038121813209451,-0.7079786153530007,-0.6148034645362627,5.743308591318471,2.1533518816014454,0.0
1790323416.7322042,0.7176414897065828,-0.5199740491623639,-0.32294835815013034,0.8319619208700315,-0.7327722351707032,-0.6363340631048624,5.709374952396369,2.1781643706849545,0.0
1790323416.7523184,0.7346642575005341,-0.5349672974015633,-0.33596838553826824,0.8587721387945721,-0.7563860362608236,-0.656840115697761,5.672515156929469,2.2039837174389474,0.0
1790323416.7721744,0.7520534167508774,-0.55028325450485,-0.34926865094966686,0.8831152931694171,-0.7778269065637653,-0.6754592110476236,5.634002355214883,2.2297807749797673,0.0
1790323416.7918706,0.769774527647476,-0.5658915867081181,-0.36282281276487577,0.9049670191132156,-0.7970733860726229,-0.6921727134410144,5.593871811623473,2.2554594894013205,0.0
1790323416.8129177,0.7884351967756043,-0.582327459413085,-0.3770956047144636,0.9249415454613736,-0.8146664729092288,-0.7074504217000972,5.5506635540179055,2.281822385657949,0.0
1790323416.8323534,0.8069695163575681,-0.5986520464485598,-0.39127175700054573,0.9418567867411192,-0.8295650143569535,-0.7203882064014491,5.506796895344282,2.30730807519746,0.0
1790323416.85223,0.8258750257810088,-0.6153035686513646,-0.4057318174007916,0.9562415550447412,-0.8422347755056786,-0.7313905345511479,5.461090008053596,2.3325755241204664,0.0
1790323416.8718708,0.8449742942420301,-0.632125749197407,-0.42034007626127246,0.9679397084246414,-0.8525382302486492,-0.7403379794814053,5.413943936939431,2.357343351724947,0.0
1790323416.8920968,0.8645134760415957,-0.6493353949293914,-0.43528480706248485,0.97704785452699,-0.8605604682985585,-0.7473044324779549,5.364718990601948,2.3818809326171633,0.0
1790323416.9128702,0.8844852738606052,-0.666926078542541,-0.450560428379851,0.9834377678015844,-0.8661885516462614,-0.7521918189975906,5.313384406876976,2.4061127042707287,0.0
1790323416.9324632,0.9040242408048786,-0.6841355350351037,-0.4655049948469303,0.9868781538350986,-0.8692187616839899,-0.7548232312875496,5.262182887879778,2.4289769792134464,0.0
1790323416.9519963,0.9235009783298666,-0.7012901813380179,-0.4804019645451848,0.987564972830388,-0.8698236954889045,-0.7553485513904613,5.210198522448224,2.4509281657125706,0.0
1790323416.9719684,0.9432140895389585,-0.7186530199493677,-0.49547972692522413,0.9854766800288378,-0.8679843769510048,-0.7537513005908413,5.156640322344593,2.472280571363772,0.0
1790323416.9924097,0.9630876280947998,-0.7361571591449283,-0.510680193701738,0.98052172617467,-0.8636201716673192,-0.7499614565614146,5.10170551428574,2.492914855174395,0.0
1790323417.0126016,0.9827639341214436,-0.7534875806286045,-0.525729805284604,0.9727616127896807,-0.8567852487127323,-0.7440260593316221,5.0464050096966675,2.512451744554499,0.0
1790323417.032471,1.0021076586551518,-0.770525072258352,-0.5405250387193787,0.9623088842675732,-0.8475787345074101,-0.7360311895615624,4.9911749609427645,2.5307829687354806,0.0
1790323417.0522666,1.020943106960425,-0.7871148862977536,-0.5549315122007153,0.9493674056349897,-0.8361801885089405,-0.7261327753742343,4.9365909699408235,2.547789727865581,0.0
1790323417.0723083,1.0398161409946023,-0.803737804951548,-0.569366733487677,0.9335707558609977,-0.822266875804686,-0.714050556126006,4.881119286542674,2.5639881619646943,0.0
1790323417.0923195,1.0583291811380973,-0.8200436495646849,-0.5835266099909356,0.915207635960708,-0.8060930773693307,-0.7000053475601941,4.825965841860247,2.5790509337472955,0.0
1790323417.1126795,1.07662643616903,-0.8361594357925977,-0.5975214411790307,0.8941270251501671,-0.7875257776950264,-0.6838816399801938,4.770752385755691,2.5931266815623806,0.0
1790323417.1322312,1.0941160586250926,-0.8515638784935549,-0.6108985468379025,0.8710937443729948,-0.7672386128440769,-0.6662644140280184,4.717338532525597,2.6058209882008745,0.0
1790323417.1519377,1.1111512036314832,-0.8665680282865353,-0.623928041055812,0.8457698050298675,-0.7449338905120922,-0.6468951558783409,4.664728119000609,2.6174658324261646,0.0
1790323417.1722698,1.1280331579577716,-0.8814372513788464,-0.6368403659112137,0.8176494611098196,-0.7201661616639814,-0.6253870408388479,4.612035574692776,2.6283005723361086,0.0
1790323417.1919165,1.1438275370931734,-0.8953485641587375,-0.6489208484397152,0.7883864418138445,-0.6943919915734431,-0.6030049395668923,4.562249337723864,2.6377975001305654,0.0
1790323417.212403,1.1595762597032908,-0.9092196637591023,-0.6609664101364902,0.7560970810442068,-0.6659522920272701,-0.5783081119619518,4.512148575632756,2.6466475474752773,0.0
1790323417.231859,1.1741087847753697,-0.9220195655486041,-0.6720817514692022,0.7232623217074765,-0.637032218419446,-0.5531941310264277,4.4655205377097404,2.6542625364142,0.0
1790323417.2521513,1.188337742694122,-0.9345520926231248,-0.682964906550049,0.6879651274010986,-0.6059432907674559,-0.526196733061758,4.419506812446543,2.6612030024540294,0.0
1790323417.272085,1.2016954721538562,-0.9463172624313523,-0.6931816941790782,0.6516426517656899,-0.5739513197521746,-0.49841513882853145,4.375994207753056,2.667252373980606,0.0
1790323417.292485,1.2144428452890361,-0.9575448449330277,-0.7029316449130493,0.613708175144595,-0.5405395366808998,-0.4694005901640755,4.334190847513775,2.6726027327286426,0.0
1790323417.312542,1.2263170889575465,-0.9680033958061693,-0.7120137741912482,0.5750687520301814,-0.5065068535364047,-0.43984685640579235,4.295011207677909,2.677214034844138,0.0
1790323417.3322701,1.2373883030101371,-0.9777546573289158,-0.7204816985575717,0.5357046522437959,-0.47183589244747953,-0.4097388467371034,4.258277542960169,2.6811887323948014,0.0
1790323417.351926,1.2476084678567045,-0.9867563349905575,-0.728298689767478,0.4960019215228225,-0.4368666733005696,-0.3793718319467931,4.224196777819833,2.684578946491814,0.0
1790323417.371836,1.2571198497459193,-0.995133733512876,-0.7355735615272053,0.4555901960804488,-0.40127298849760973,-0.34846253573653896,4.192335134047214,2.6874928734750956,0.0
1790323417.3918023,1.2658233317400949,-1.0027995530590046,-0.7422305032953119,0.415067355226482,-0.36558143588787595,-0.31746825183687394,4.163060105434572,2.6899551294002966,0.0
1790323417.4117455,1.2737072078680352,-1.0097434832884535,-0.7482605616473353,0.37475702307653475,-0.33007705588079533,-0.286636507259841,4.1364448748126215,2.6920167858007815,0.0
1790323417.4319236,1.2808232845899672,-1.0160111540969001,-0.75370336125179,0.3346767479418176,-0.29477530461072543,-0.2559807239997564,4.112343753289727,2.693739712244088,0.0
1790323417.451841,1.2871108664580033,-1.0215491063801507,-0.7585124786126037,0.2955183601935242,-0.2602855297830616,-0.226030055158508,4.090988025634243,2.6951529752616317,0.0
1790323417.4723988,1.292756458577708,-1.0265216093909757,-0.7628305639504609,0.25641343539858796,-0.22584284385075182,-0.19612027797044945,4.071765026313222,2.6963346419094316,0.0
1790323417.491864,1.2974311394212399,-1.030638956885489,-0.7664060384767137,0.2202119439908285,-0.19395743286026368,-0.16843121968534788,4.055814129475211,2.697250511793278,0.0
1790323417.5125234,1.301564504627555,-1.0342795264656939,-0.7695674825405,0.18415813653325175,-0.16220209837395141,-0.14085511888750354,4.041685060781262,2.698013062002807,0.0
1790323417.5318966,1.3048380388023986,-1.0371627773622003,-0.7720712765843577,0.15169688565855874,-0.13361100211919666,-0.11602681948534066,4.030478488350177,2.698585485034662,0.0
1790323417.551965,1.3075608097394928,-1.0395609291229757,-0.7741538140777724,0.12068338570381093,-0.1062950503764278,-0.09230584627460868,4.021146257517091,2.69904037669985,0.0
1790323417.5717413,1.309677328306302,-1.0414251082423267,-0.7757726536249551,0.09251646909277125,-0.08148630141186707,-0.07076210966525162,4.013884999914573,2.6993806620674867,0.0
1790323417.5917683,1.311270863736556,-1.042828656277109,-0.7769914844988185,0.06721544669819578,-0.05920176378208126,-0.05141037976370671,4.008413982165023,2.6996291730208544,0.0
1790323417.6126964,1.3124171410772634,-1.0438382700442839,-0.7778682257286269,0.04477532255077281,-0.03943703715634908,-0.03424683535487803,4.004476406400804,2.6998038475417436,0.0
1790323417.6321895,1.3131178210488332,-1.0444554122668146,-0.7784041475323303,0.027116612902898813,-0.023883666486004977,-0.0207404017338901,4.002068634288699,2.699908935744082,0.0
1790323417.6521363,1.3135127396395416,-1.0448032471510378,-0.778706204808171,0.013454879039919605,-0.011850736843487766,-0.010291093418197455,4.0007112716882,2.699967602558607,0.0
1790323417.671894,1.313682049718313,-1.0449523714339477,-0.7788357032475184,0.004289127028135915,-0.0037777608812329527,-0.003280579988724006,4.000129277351208,2.699992629924461,0.0
1790323417.692135,1.313718000135463,-1.0449840357047149,-0.7788632002692468,0.0001740981231469086,-0.00015334147830224328,-0.00013316062105961428,4.000005694786129,2.6999979344982155,0.0
1790323417.7129192,1.313718290520315,-1.044984291468773,-0.778863422372889,0.0,-0.0,-0.0,4.000004696556889,2.6999979773315252,0.0
1790323417.7319527,1.313718290520315,-1.044984291468773,-0.778863422372889,0.0,-0.0,-0.0,4.000004696556889,2.6999979773315252,0.0
1790323417.751753,1.313718290520315,-1.044984291468773,-0.778863422372889,0.0,-0.0,-0.0,4.000004696556889,2.6999979773315252,0.0
1790323417.7717016,1.313718290520315,-1.044984291468773,-0.778863422372889,0.0,-0.0,-0.0,4.000004696556889,2.6999979773315252,0.0
1790323417.792089,1.313718290520315,-1.044984291468773,-0.778863422372889,0.0,-0.0,-0.0,4.000004696556889,2.6999979773315252,0.0
1790323417.812644,1.313718290520315,-1.044984291468773,-0.778863422372889,0.0,-0.0,-0.0,4.000004696556889,2.6999979773315252,0.0
1790323417.8319404,1.313718290520315,-1.044984291468773,-0.778863422372889,0.0,-0.0,-0.0,4.000004696556889,2.6999979773315252,0.0
1790323417.8518813,1.313718290520315,-1.044984291468773,-0.778863422372889,0.0,-0.0,-0.0,4.000004696556889,2.6999979773315252,0.0
1790323417.8870583,1.313718290520315,-1.044984291468773,-0.778863422372889,0.0,0.0,0.0,4.000004696556889,2.6999979773315252,0.0
1790323417.8917303,1.3137182753421444,-1.0449843258126403,-0.7788634419250055,-1.0012796492332284e-05,-2.2656100243148053e-05,-1.2898218635047427e-05,4.000004716299948,2.6999977798453636,0.0
1790323417.9117126,1.3137159547656843,-1.044989576614746,-0.7788664312299978,-0.0002836889664937736,-0.0006419071502831368,-0.00036544059564073137,4.000007734666768,2.699967586386777,0.0
1790323417.931718,1.3137045758137542,-1.0450153239347668,-0.7788810892938011,-0.0009107113174277051,-0.0020606797427683886,-0.00117315414276022,4.000022531462902,2.699819533209851,0.0
1790323417.951692,1.3136774239680407,-1.0450767608109421,-0.778916065580658,-0.0018596613691197802,-0.004207882825677376,-0.0023955664078888534,4.000057813468371,2.699466260109902,0.0
1790323417.9717839,1.3136278847222045,-1.0451888539829641,-0.7789798807220424,-0.0031123941337541107,-0.007042459471189558,-0.004009303499411155,4.000122094464911,2.6988217167711666,0.0
1790323417.9921265,1.3135499898109835,-1.0453651079314394,-0.7790802228788271,-0.004641436045904289,-0.010502244843255978,-0.005978974699676421,4.000222928930633,2.697808277543704,0.0
1790323418.0125232,1.3134385952173364,-1.045617162098539,-0.779223718437208,-0.006415388947626642,-0.014516193873262015,-0.008264133735138058,4.000366618336827,2.696359066181679,0.0
1790323418.0317702,1.3132947468105312,-1.0459426499806603,-0.7794090201361589,-0.008336165359765127,-0.018862362595597374,-0.010738426919042907,4.0005512820832525,2.6944877625767347,0.0
1790323418.052173,1.3131045576991114,-1.0463729936490629,-0.7796540167006026,-0.010510107389228862,-0.023781372842139454,-0.013538841330482783,4.000793898418981,2.692013832077368,0.0
1790323418.0720906,1.312873383275022,-1.0468960753805086,-0.7799518094568042,-0.012805708321101021,-0.028975662456493252,-0.016495973510366812,4.001086442201278,2.689007103298559,0.0
1790323418.0919404,1.3125920263538768,-1.0475327057778654,-0.7803142459735348,-0.015263646869998574,-0.034537275757828764,-0.01966222469898028,4.001439003570325,2.685348173663111,0.0
1790323418.1124556,1.3122558986727133,-1.0482932667704683,-0.7807472367293401,-0.017868128631243277,-0.040430474516976435,-0.02301724896350547,4.0018551797560775,2.6809776822445004,0.0
1790323418.131905,1.3118799755669865,-1.0491438734489902,-0.7812314908946316,-0.020474822487109967,-0.04632867861479662,-0.026375122789598974,4.002314160400739,2.676090674882177,0.0
1790323418.1525578,1.3114317080388662,-1.0501581749041953,-0.7818089372243475,-0.02327149477133526,-0.052656749665393125,-0.029977721783809936,4.002852545264843,2.6702644763086942,0.0
1790323418.172411,1.3109406269056738,-1.0512693513262517,-0.7824415349035587,-0.026039476456870502,-0.05891990208107523,-0.03354336231042814,4.003431213210542,2.663883450022823,0.0
1790323418.1921506,1.3103987144330178,-1.0524955445593716,-0.783139612164864,-0.028814557362867393,-0.06519911800614261,-0.03711814786438441,4.004056269762839,2.656843930475996,0.0
1790323418.2127645,1.3097852855963033,-1.0538835589095366,-0.7839298149078285,-0.03167433487361932,-0.0716699781705645,-0.04080203733617354,4.004746722328811,2.6488779732171928,0.0
1790323418.2318494,1.3091385183068767,-1.0553470086615075,-0.7847629633605521,-0.034426656996448035,-0.0778976974659675,-0.0443475056298224,4.005455054317148,2.6404820865200147,0.0
1790323418.2527795,1.3084105871657468,-1.0569941090411246,-0.78570066493241,-0.03725836764942574,-0.08430505034311656,-0.047995240120508306,4.006228173573795,2.63103633554444,0.0
1790323418.2724593,1.3076346194029898,-1.0587499025831126,-0.7867002460050359,-0.040017172552335896,-0.0905474383192914,-0.051549059359361875,4.007024225297029,2.6209717048973316,0.0
1790323418.2918506,1.3068240642925908,-1.0605839574196263,-0.7877443815807148,-0.042655903334399115,-0.09651813283594181,-0.05494820230330812,4.00782483557089,2.6104634608323307,0.0
1790323418.312501,1.3059261321725988,-1.0626157214865044,-0.7889010739005836,-0.045329800134438686,-0.10256839801290021,-0.05839264517807094,4.0086748931816,2.5988285229264196,0.0
1790323418.3317797,1.3050170764326747,-1.0646726551299774,-0.7900720953723537,-0.04780428835609026,-0.1081674584994645,-0.061580215215787486,4.009496054085708,2.5870561010756425,0.0
1790323418.3519661,1.3040317521348008,-1.066902162748727,-0.7913413639757988,-0.05025390460437501,-0.11371024081016902,-0.0647357458376809,4.010341354315953,2.574303709616533,0.0
1790323418.371717,1.3030106385320661,-1.0692126513480822,-0.7926567354116786,-0.052565401337291505,-0.11894049808472458,-0.06771335456648969,4.011168288315844,2.5610967835455147,0.0
1790323418.3921473,1.3019223869833092,-1.071675053954315,-0.7940585921673358,-0.05480052944033938,-0.12399795494981808,-0.07059258725363433,4.011994680300485,2.547031434139127,0.0
1790323418.4124405,1.300788931558855,-1.0742397400275052,-0.7955186793556538,-0.056901629808382675,-0.12875214530969986,-0.07329916897053573,4.01279523607009,2.5323929848212146,0.0
1790323418.4320345,1.2996521802293144,-1.0768118837930687,-0.7969830122414092,-0.05879630053607818,-0.13303924432018105,-0.07573983350476003,4.013536547359196,2.5177236645936505,0.0
1790323418.451993,1.2984597467124421,-1.0795100204537145,-0.7985190734427083,-0.0605727767848213,-0.13705890296418902,-0.07802824304886738,4.014247997553389,2.5023486754025863,0.0
1790323418.471858,1.2972379985823894,-1.0822744877159374,-0.8000928969505015,-0.06218441468392369,-0.14070557947715737,-0.08010431220687632,4.014906766791645,2.486609722268786,0.0
1790323418.491684,1.2959866199081151,-1.0851060004414987,-0.8017048897387684,-0.06362999219128299,-0.14397650872664855,-0.08196646677659174,4.015507998342338,2.470504114779689,0.0
1790323418.5122194,1.2946814735081063,-1.0880591741820447,-0.803386144683973,-0.06492873081771917,-0.14691518350474073,-0.08363946739798489,4.016055931989424,2.45372312483084,0.0
1790323418.531959,1.293383468933803,-1.0909961880096999,-0.805058199718895,-0.06601891331534185,-0.14938195529705464,-0.0850438115507106,4.0165208683469755,2.437051199286138,0.0
1790323418.5519595,1.2920494742917161,-1.0940146370871469,-0.8067766162037198,-0.0669385558327485,-0.15146284379590527,-0.08622847062819011,4.016915712550155,2.41993534723445,0.0
1790323418.5718544,1.2907073395750173,-1.0970515048298022,-0.8085055185165677,-0.06766532406786084,-0.15310731285116372,-0.08716467417538744,4.01722822811019,2.4027342552032493,0.0
1790323418.5919812,1.289350796294472,-1.1001209750394223,-0.8102529815588633,-0.06820296925975966,-0.15432385044605385,-0.08785725443890359,4.01745788878533,2.385368525432526,0.0
1790323418.6125202,1.2879685584002167,-1.103248584825171,-0.8120335437204338,-0.06855115111222392,-0.15511168658736724,-0.08830577305818033,4.017602920771861,2.3676950497071774,0.0
1790323418.631858,1.2866107838396228,-1.1063208410700638,-0.8137825928650015,-0.06869942411265922,-0.1554471860618434,-0.0884967744011871,4.017658112420488,2.350355649261702,0.0
1790323418.6525805,1.2852121558599408,-1.1094855369404746,-0.8155842682995166,-0.06865248536791736,-0.15534097708146782,-0.08843630915627787,4.017624707940379,2.332517075009996,0.0
1790323418.6717641,1.2838660088439364,-1.112531483371121,-0.8173183391498167,-0.06841562009245443,-0.15480501857785509,-0.08813118559641013,4.017506227304549,2.315369928346727,0.0
1790323418.691833,1.2824969156722525,-1.1156293504019386,-0.8190819686287193,-0.06798015910969671,-0.15381969467909276,-0.08757023631845937,4.0172990488092335,2.2979531620622122,0.0
1790323418.7119622,1.281142803207114,-1.1186933203701854,-0.8208263003591378,-0.06735338772238128,-0.15240148994563696,-0.08676284605601099,4.017008333252536,2.280749911208276,0.0
1790323418.7319186,1.2798066795484715,-1.1217165868043557,-0.8225474593865713,-0.06653935209399187,-0.15055955969044718,-0.08571422696945255,4.0166380154114965,2.263798000779794,0.0
1790323418.7524972,1.2784692762499534,-1.1247427486982826,-0.824270266812122,-0.0655239610166008,-0.14826201953241172,-0.08440622713880627,4.016184492467302,2.2468529721549984,0.0
1790323418.7720435,1.277184473684655,-1.1276498901481613,-0.8259253153695137,-0.06435226635635416,-0.14561080898426587,-0.08289688118206462,4.015670906893922,2.23059658269326,0.0
1790323418.791917,1.2759133866907684,-1.1305259971751354,-0.8275626958919152,-0.06299511973203745,-0.14253997357991946,-0.08114864092833944,4.015087842418161,2.2145355045701933,0.0
1790323418.8122666,1.2746548752421962,-1.133373649332835,-0.8291838769306813,-0.061446930890783485,-0.13903686417290878,-0.07915430516228984,4.014437243338515,2.1986550241702822,0.0
1790323418.8320687,1.2734512238991076,-1.1360971687320058,-0.8307343886379166,-0.059764032931288125,-0.13522894648492678,-0.07698644068619978,4.013746907208747,2.1834873221476685,0.0
1790323418.8521955,1.2722696860250833,-1.13877065166312,-0.8322564143613421,-0.05790614721469791,-0.13102508145405206,-0.07459316162676186,4.013004630009483,2.168618107774418,0.0
1790323418.8718853,1.2711396920169764,-1.1413275055392005,-0.8337120426450106,-0.055923362206768926,-0.1265386049802067,-0.07203899061588123,4.012234958022052,2.1544162027745237,0.0
1790323418.8918142,1.2700417157723656,-1.143811912356172,-0.8351264264957086,-0.05378681653851914,-0.12170421202405307,-0.06928674920420841,4.01143122161691,2.1406344136505764,0.0
1790323418.9120853,1.2689804107001996,-1.1462133427779295,-0.8364935715155603,-0.051505651634629834,-0.11654258702016478,-0.06634821313234347,4.010602088103216,2.127329736802099,0.0
1790323418.9318495,1.2679815525358695,-1.1484734736731372,-0.837780274086495,-0.049143788233212436,-0.1111983643522904,-0.06330572339823898,4.009774917866539,2.1148231952964185,0.0
1790323418.952339,1.2670120958103113,-1.1506670775052397,-0.8390291025045143,-0.04662836325443302,-0.10550667567001396,-0.06006541971672482,4.008928755537808,2.1026991344331805,0.0
1790323418.971717,1.26611842625638,-1.1526891966018995,-0.8401803038999403,-0.04408968070802732,-0.09976236175122577,-0.05679515625400538,4.008110990417865,2.091535531813611,0.0
1790323418.9918194,1.26525944221631,-1.1546328322819015,-0.8412868243371954,-0.04142238174797529,-0.09372702560276208,-0.05335921254156384,4.007290886734052,2.0808167842560454,0.0
1790323419.011699,1.2644624427339375,-1.1564362146017355,-0.8423134979127077,-0.03871764770392523,-0.08760698454530325,-0.049875045947692764,4.006500133849713,2.07088174466423,0.0
1790323419.0318203,1.2637133522610196,-1.1581311925091176,-0.8432784563740653,-0.035939490959938855,-0.08132080887688396,-0.04629629818089169,4.005730778849263,2.061552984238109,0.0
1790323419.0517082,1.2630246865825128,-1.1596894463554044,-0.8441655772193392,-0.033146340114253485,-0.0750007058364854,-0.04269823541032541,4.005001170642628,2.0529845368114907,0.0
1790323419.0717227,1.2623898200067023,-1.1611259681895993,-0.8449833954887065,-0.03032736234198505,-0.06862216383369639,-0.039066903078553636,4.004309649334319,2.04509214671617,0.0
1790323419.091907,1.2618077547895328,-1.1624430156216867,-0.8457331964495726,-0.027491376765163927,-0.062205138024194986,-0.03541366174445762,4.003659719123805,2.0378618338536283,0.0
1790323419.1119983,1.2612853406977218,-1.1636250895848967,-0.8464061564142907,-0.024691060065639907,-0.055868820702099926,-0.031806368111205914,4.003063439434204,2.031377147351953,0.0
1790323419.1317825,1.260821873046078,-1.1646737845806592,-0.8470031831396166,-0.02195043606263872,-0.04966757091256091,-0.028275969024972782,4.002524191582639,2.0256278619973287,0.0
1790323419.15195,1.260407417640475,-1.1656115788545018,-0.8475370735907051,-0.019234670125988933,-0.04352256783127562,-0.024777591439914717,4.00203381549692,2.020489534179254,0.0
1790323419.1720788,1.2600492753235994,-1.166421952683497,-0.847998423015819,-0.016619452718391034,-0.03760507736899194,-0.02140873780075296,4.0016038719790155,2.0160516275574776,0.0
1790323419.1922908,1.259739879953252,-1.167122026087638,-0.8483969779184848,-0.01408459838162275,-0.03186942559582546,-0.018143405736062233,4.001227826732032,2.0122194630109087,0.0
1790323419.2121544,1.2594829259427691,-1.1677034396641386,-0.8487279792535163,-0.011702785427522452,-0.026480062784961476,-0.01507521751778577,4.000912265293829,2.0090380350728787,0.0
1790323419.2322466,1.259272270574071,-1.168180092630534,-0.8489993399072753,-0.009471739487346897,-0.02143184268916764,-0.012201243364485434,4.000651360757752,2.00643065890606,0.0
1790323419.2518854,1.2591047551275203,-1.1685591322676858,-0.8492151288585452,-0.007417441007838439,-0.016783551643131497,-0.009554950597960457,4.000442471223105,2.0043577694748436,0.0
1790323419.272473,1.2589730883437937,-1.1688570566141046,-0.8493847385140274,-0.005510063248307184,-0.01246770024691227,-0.007097917202654671,4.000277404654668,2.002728809548943,0.0
1790323419.2918968,1.2588811705839396,-1.169065040266122,-0.8495031445321615,-0.003898832204737338,-0.008821944331874438,-0.005022372145142099,4.000161711303148,2.00159178874706,0.0
1790323419.312583,1.2588168701407458,-1.1692105338140824,-0.8495859746561211,-0.002487625906273742,-0.005628787316625267,-0.003204493654285081,4.000080554551186,2.0007964771004296,0.0
1790323419.331818,1.2587792085632399,-1.1692957512132318,-0.8496344893004749,-0.0013944554174447595,-0.0031552545531533505,-0.0017963004506086145,4.000032934302485,2.0003306850243567,0.0
1790323419.3522763,1.2587597735526597,-1.1693397270943224,-0.8496595249651696,-0.0005769916787661178,-0.001305567462955845,-0.0007432653633805087,4.000008335416178,2.0000903253081703,0.0
1790323419.3720334,1.2587535009842115,-1.1693539201261747,-0.8496676051213288,-0.00011243069015808016,-0.00025439855774342753,-0.00014483023040153767,4.000000392629303,2.000012751556646,0.0
1790323419.392007,1.2587529236352282,-1.1693552265021157,-0.8496683488469623,-0.0,-0.0,-0.0,3.9999996614593485,2.0000056114320865,0.0
1790323419.4122486,1.2587529236352282,-1.1693552265021157,-0.8496683488469623,-0.0,-0.0,-0.0,3.9999996614593485,2.0000056114320865,0.0
1790323419.4323049,1.2587529236352282,-1.1693552265021157,-0.8496683488469623,-0.0,-0.0,-0.0,3.9999996614593485,2.0000056114320865,0.0
1790323419.4517384,1.2587529236352282,-1.1693552265021157,-0.8496683488469623,-0.0,-0.0,-0.0,3.9999996614593485,2.0000056114320865,0.0
1790323419.472197,1.2587529236352282,-1.1693552265021157,-0.8496683488469623,-0.0,-0.0,-0.0,3.9999996614593485,2.0000056114320865,0.0
1790323419.4918234,1.2587529236352282,-1.1693552265021157,-0.8496683488469623,-0.0,-0.0,-0.0,3.9999996614593485,2.0000056114320865,0.0
1790323419.5125396,1.2587529236352282,-1.1693552265021157,-0.8496683488469623,-0.0,-0.0,-0.0,3.9999996614593485,2.0000056114320865,0.0
1790323419.5324175,1.2587529236352282,-1.1693552265021157,-0.8496683488469623,-0.0,-0.0,-0.0,3.9999996614593485,2.0000056114320865,0.0
1790323419.5520542,1.2587529236352282,-1.1693552265021157,-0.8496683488469623,0.0,0.0,0.0,3.9999996614593485,2.0000056114320865,0.0
1790323419.5715852,1.2587529236352282,-1.1693552265021157,-0.8496683488469623,0.0,0.0,0.0,3.9999996614593485,2.0000056114320865,0.0
1790323419.5917096,1.2587529236352282,-1.1693552265021157,-0.8496683488469623,0.0,0.0,0.0,3.9999996614593485,2.0000056114320865,0.0
1790323419.6119351,1.2587529236352282,-1.1693552265021157,-0.8496683488469623,0.0,0.0,0.0,3.9999996614593485,2.0000056114320865,0.0
1790323419.6315975,1.2587529236352282,-1.1693552265021157,-0.8496683488469623,0.0,0.0,0.0,3.9999996614593485,2.0000056114320865,0.0
1790323419.6519413,1.2587529236352282,-1.1693552265021157,-0.8496683488469623,0.0,0.0,0.0,3.9999996614593485,2.0000056114320865,0.0
1790323419.672262,1.2587529236352282,-1.1693552265021157,-0.8496683488469623,0.0,0.0,0.0,3.9999996614593485,2.0000056114320865,0.0
1790323419.6916099,1.2587529236352282,-1.1693552265021157,-0.8496683488469623,0.0,0.0,0.0,3.9999996614593485,2.0000056114320865,0.0
1790323419.7120368,1.2587529236352282,-1.1693552265021157,-0.8496683488469623,0.0,0.0,0.0,3.9999996614593485,2.0000056114320865,0.0
1790323419.7319174,1.2587529236352282,-1.1693552265021157,-0.8496683488469623,0.0,0.0,0.0,3.9999996614593485,2.0000056114320865,0.0
1790323419.7522616,1.2587529236352282,-1.1693552265021157,-0.8496683488469623,0.0,0.0,0.0,3.9999996614593485,2.0000056114320865,0.0
1790323419.771799,1.2587529236352282,-1.1693552265021157,-0.8496683488469623,0.0,0.0,0.0,3.9999996614593485,2.0000056114320865,0.0
1790323419.7916975,1.2587529236352282,-1.1693552265021157,-0.8496683488469623,0.0,0.0,0.0,3.9999996614593485,2.0000056114320865,0.0
1790323419.812189,1.2587529236352282,-1.1693552265021157,-0.8496683488469623,0.0,0.0,0.0,3.9999996614593485,2.0000056114320865,0.0
1790323419.8317332,1.2587529236352282,-1.1693552265021157,-0.8496683488469623,0.0,0.0,0.0,3.9999996614593485,2.0000056114320865,0.0
1790323419.8525233,1.2587529236352282,-1.1693552265021157,-0.8496683488469623,0.0,0.0,0.0,3.9999996614593485,2.0000056114320865,0.0
1790323419.8718638,1.2587529236352282,-1.1693552265021157,-0.8496683488469623,0.0,0.0,0.0,3.9999996614593485,2.0000056114320865,0.0
1790323419.891648,1.2587529236352282,-1.1693552265021157,-0.8496683488469623,0.0,0.0,0.0,3.9999996614593485,2.0000056114320865,0.0
1790323419.9121172,1.2587529236352282,-1.1693552265021157,-0.8496683488469623,0.0,0.0,0.0,3.9999996614593485,2.0000056114320865,0.0
1790323419.9317057,1.2587529236352282,-1.1693552265021157,-0.8496683488469623,0.0,0.0,0.0,3.9999996614593485,2.0000056114320865,0.0
1790323419.952199,1.2587529236352282,-1.1693552265021157,-0.8496683488469623,0.0,0.0,0.0,3.9999996614593485,2.0000056114320865,0.0
1790323419.971914,1.2587529236352282,-1.1693552265021157,-0.8496683488469623,0.0,0.0,0.0,3.9999996614593485,2.0000056114320865,0.0
1790323419.992023,1.2587529236352282,-1.1693552265021157,-0.8496683488469623,0.0,0.0,0.0,3.9999996614593485,2.0000056114320865,0.0
1790323420.01217,1.2587529236352282,-1.1693552265021157,-0.8496683488469623,0.0,0.0,0.0,3.9999996614593485,2.0000056114320865,0.0
1790323420.0321145,1.2587529236352282,-1.1693552265021157,-0.8496683488469623,0.0,0.0,0.0,3.9999996614593485,2.0000056114320865,0.0
1790323420.0521374,1.2587529236352282,-1.1693552265021157,-0.8496683488469623,0.0,0.0,0.0,3.9999996614593485,2.0000056114320865,0.0
1790323420.071655,1.2587529236352282,-1.1693552265021157,-0.8496683488469623,0.0,0.0,0.0,3.9999996614593485,2.0000056114320865,0.0
1790323420.0918512,1.2587529236352282,-1.1693552265021157,-0.8496683488469623,0.0,0.0,0.0,3.9999996614593485,2.0000056114320865,0.0
1790323420.111878,1.2587529236352282,-1.1693552265021157,-0.8496683488469623,0.0,0.0,0.0,3.9999996614593485,2.0000056114320865,0.0
1790323420.1317232,1.2587529236352282,-1.1693552265021157,-0.8496683488469623,0.0,0.0,0.0,3.9999996614593485,2.0000056114320865,0.0
1790323420.1518908,1.2587529236352282,-1.1693552265021157,-0.8496683488469623,0.0,0.0,0.0,3.9999996614593485,2.0000056114320865,0.0
1790323420.1716628,1.2587529236352282,-1.1693552265021157,-0.8496683488469623,0.0,0.0,0.0,3.9999996614593485,2.0000056114320865,0.0
1790323420.19172,1.2587529236352282,-1.1693552265021157,-0.8496683488469623,0.0,0.0,0.0,3.9999996614593485,2.0000056114320865,0.0
1790323420.2120602,1.2587529236352282,-1.1693552265021157,-0.8496683488469623,0.0,0.0,0.0,3.9999996614593485,2.0000056114320865,0.0
1790323420.2318826,1.2587529236352282,-1.1693552265021157,-0.8496683488469623,0.0,0.0,0.0,3.9999996614593485,2.0000056114320865,0.0
1790323420.264134,1.2587529236352282,-1.1693552265021157,-0.8496683488469623,0.0,0.0,0.0,3.9999996614593485,2.0000056114320865,0.0
1790323420.271704,1.2587529879216441,-1.1693550804501411,-0.8496682664024843,2.6146886743715365e-05,5.9402976292388585e-05,3.353222296616275e-05,3.999999742998801,2.000006407885018,0.0
1790323420.2917964,1.258756190952201,-1.1693478035016422,-0.8496641586578086,0.00035391433990713807,0.0008040561520423947,0.0004538794493207085,4.000003805416807,2.000046090742626,0.0
1790323420.3119037,1.258769585459473,-1.1693173725900878,-0.8496469807961089,0.0010341104018240601,0.0023493900549376927,0.0013262007406647455,4.000020788751307,2.000212039287789,0.0
1790323420.3317385,1.258799512150691,-1.1692493822956271,-0.8496086011414908,0.0020239929956371973,0.004598299182394845,0.002595681278497566,4.000058704746386,2.000582820796255,0.0
1790323420.351718,1.2588523316821234,-1.169129381876296,-0.8495408624343047,0.003307016603624998,0.007513193858572429,0.004241102169925046,4.000125527215845,2.0012372732128885,0.0
1790323420.3720121,1.258933834276699,-1.168944216554673,-0.8494363389703675,0.004857987392897841,0.011036836345282889,0.006230153441293056,4.0002283916526755,2.0022472099525226,0.0
1790323420.3924289,1.259050011369547,-1.1686802744203828,-0.8492873469997697,0.0066611942559106725,0.015133532658834246,0.008542686293763323,4.000374504237456,2.0036870056883433,0.0
1790323420.4124467,1.2592033150009894,-1.168331984695745,-0.8490907418895157,0.008658388411932401,0.019670947696590956,0.01110399924864254,4.000566383998718,2.005587258091488,0.0
1790323420.4320796,1.259396256646418,-1.16789364157285,-0.8488433027837671,0.01081495908370105,0.024570449413319248,0.01386970551864102,4.000806378430193,2.0079793918799,0.0
1790323420.4519582,1.2596350543405446,-1.1673511183309089,-0.8485370553286976,0.013140453166382352,0.029853727350598366,0.016852048573525152,4.001101099848981,2.0109409128831115,0.0
1790323420.4725401,1.2599289718102775,-1.1666833687568356,-0.8481601192052755,0.015658730268165173,0.03557498802844277,0.020081627302926286,4.001460336596507,2.0145873113872064,0.0
1790323420.4920647,1.2602593471689445,-1.1659327906941064,-0.8477364274557398,0.018175751025038513,0.04129339442280769,0.023309594825683972,4.0018595034982445,2.018687711940422,0.0
1790323420.5121613,1.2606520042531113,-1.1650407151024529,-0.8472328621546553,0.020857091871467306,0.04738511877582294,0.026748295577785585,4.00232754315294,2.0235634413475827,0.0
1790323420.5318167,1.2610916738952613,-1.1640418319243098,-0.8466690053323678,0.023561896202509227,0.053530149697756796,0.030217087208595724,4.002843394250914,2.02902592845486,0.0
1790323420.5520978,1.2615945939533262,-1.1628992504545148,-0.8460240326560227,0.02636183068496331,0.05989130631696457,0.03380787904077684,4.00342278927055,2.035278098133025,0.0
1790323420.572244,1.262152039690718,-1.1616327923768417,-0.8453091332134627,0.02917894919500027,0.0662915032392539,0.03742070862643941,4.004051688993919,2.0422128976104332,0.0
1790323420.592738,1.2627747980096637,-1.1602179509841044,-0.844510473280844,0.03204260982229872,0.07279743895619901,0.04109322641393752,4.004737702595921,2.0499661147257324,0.0
1790323420.6123033,1.2634340599033973,-1.1587201773092581,-0.8436649991320306,0.03480921251746096,0.07908286926084829,0.044641271706758676,4.005444850107557,2.058180543394807,0.0
1790323420.6319113,1.2641470444945897,-1.157100351316872,-0.8427506280056458,0.037547608179908196,0.08530421615426502,0.04815314273074681,4.006187510586196,2.0670721149785614,0.0
1790323420.6521466,1.2649310708193593,-1.1553191259786741,-0.8417451490057479,0.04030322739052119,0.09156469313737044,0.051687102191611725,4.006977608013662,2.0768588723810257,0.0
1790323420.6720517,1.2657647809539143,-1.1534250242508808,-0.8406759527226468,0.04298351696748203,0.09765402911673747,0.055124454737231154,4.007787207033406,2.0872763320006573,0.0
1790323420.6918535,1.2666460916821876,-1.1514227789812623,-0.8395457107885842,0.04557557796964495,0.10354291905492173,0.05844865804749001,4.008608721929036,2.0983002479084347,0.0
1790323420.7130802,1.2676092909324188,-1.1492344916036041,-0.8383104504558274,0.048161560563569135,0.10941799948897497,0.06176506606868298,4.00946617633482,2.1103620505201963,0.0
1790323420.7317524,1.2685653814722737,-1.147062354468156,-0.8370843067289472,0.0505036182958017,0.11473890829570532,0.06476865126972893,4.0102755113083015,2.122348708459737,0.0
1790323420.7520547,1.2696051947345928,-1.1447000081140573,-0.8357507923225471,0.05282436776140391,0.1200114069620667,0.06774490956357268,4.011108369073806,2.1354005225925614,0.0
1790323420.7718866,1.270678116506126,-1.142262442709706,-0.8343748177210222,0.054996443588561345,0.12494613476085202,0.07053050050790038,4.011915935215765,2.1488846532928934,0.0
1790323420.7929947,1.2718117911458413,-1.139686853179435,-0.8329209302596725,0.057068711561913496,0.12965410961457344,0.07318809230493467,4.012711943588543,2.1631505346536306,0.0
1790323420.8128052,1.2729927364024984,-1.1370038697798655,-0.831406420327947,0.05900463422104868,0.13405232225654876,0.07567082728167032,4.0134784248938455,2.1780309004975296,0.0
1790323420.8326933,1.274175546309335,-1.1343166500912312,-0.8298895190650402,0.06073329655755013,0.13797966124720018,0.0778877600839936,4.014181837341451,2.192954561537827,0.0
1790323420.8520505,1.2753871041801763,-1.1315641180523737,-0.8283357498129041,0.06230073079335884,0.14154070695265125,0.07989792499559892,4.0148355171952,2.208261173067435,0.0
1790323420.8722603,1.2766650165845044,-1.1286608354932641,-0.8266968838135534,0.06374474031250105,0.144821344684874,0.08174980318039948,4.015451558863754,2.2244279358871526,0.0
1790323420.8919125,1.2779406022505442,-1.1257628390387957,-0.8250610017528959,0.06498340527323365,0.14763546118057105,0.08333833607346533,4.0159911325773,2.240587255534469,0.0
1790323420.9123745,1.2792743129969768,-1.1227327885158482,-0.8233505768537444,0.06607214410273442,0.15010896127682943,0.08473459535054786,4.016474622410483,2.2575060022284283,0.0
1790323420.9320505,1.2805836665295471,-1.119758075020662,-0.8216713890014377,0.0669438979412847,0.15208949429828555,0.08585258099726745,4.016868891911123,2.274138317826216,0.0
1790323420.9522035,1.281937752758231,-1.1166817335453356,-0.8199348334496932,0.06764673479217938,0.15368626569215516,0.08675393809664374,4.017192677117131,2.2913619245283936,0.0
1790323420.9716902,1.2832738067059661,-1.1136463595155102,-0.8182214034987624,0.06814720468170302,0.15482328063675743,0.08739576854046863,4.01742831059203,2.3083787156206963,0.0
1790323420.9918213,1.2846483562918551,-1.1105235274451524,-0.8164586045986922,0.06846571587617185,0.1555469045664186,0.08780424502544498,4.0175836414739905,2.3259087258505833,0.0
1790323421.0117426,1.2860099202431874,-1.1074301973705503,-0.8147124591991932,0.06858710816569635,0.15582269507897112,0.08795992525455243,4.0176502459629475,2.3432955763846994,0.0
1790323421.0318716,1.2873895463458103,-1.1042958319881722,-0.8129431498914913,0.06851393896495993,0.1556564623515615,0.08786608899873359,4.017628973511648,2.3609353899182306,0.0
1790323421.0517466,1.2887529538177744,-1.1011983136286136,-0.8111946402585184,0.068247118186674,0.15505027361015636,0.08752390318069776,4.01752000024228,2.378389428401483,0.0
1790323421.0718434,1.29011732258409,-1.0980986113094071,-0.8094448978081611,0.06778463813750109,0.15399956758668207,0.0869307930227553,4.01732325526193,2.395876793585691,0.0
1790323421.0920453,1.2914749615309815,-1.0950141984320232,-0.8077037860528332,0.06712702139862968,0.15250553153062865,0.08608742871211067,4.017040236132239,2.413298308660017,0.0
1790323421.1124244,1.2928207006125167,-1.0919568207969825,-0.8059779353472166,0.06627604107276439,0.15057219374482836,0.0849960841743679,4.0166736486802215,2.430586754843184,0.0
1790323421.1317763,1.294114481253233,-1.089017487273977,-0.8043187190382526,0.06526503921457893,0.14827530387025137,0.08369951911634897,4.0162402962577595,2.4472257073299506,0.0
1790323421.1519854,1.2954177484927865,-1.0860566011963086,-0.8026473365868904,0.06404790500356325,0.145510102973093,0.08213859845517954,4.015723425079415,2.464004096544177,0.0
1790323421.171787,1.296677600945666,-1.0831943489471652,-0.8010316316745427,0.06267280861106062,0.14238602861562802,0.08037509829987148,4.0151469925361685,2.4802398035636544,0.0
1790323421.1920297,1.2979204347550073,-1.08037076126595,-0.7994377524179718,0.06111449832561371,0.1388457115656512,0.07837663445007376,4.014504269249755,2.4962714692306944,0.0
1790323421.2121708,1.2991364270673558,-1.077608154642447,-0.7978782961912141,0.0593835319071816,0.13491313794321952,0.0761567467648312,4.01380410761748,2.5119712373863976,0.0
1790323421.231817,1.300290014332328,-1.0749873257222002,-0.7963988716708448,0.05753921389554067,0.13072304142446423,0.07379149068700318,4.013074577328225,2.5268780892442066,0.0
1790323421.252375,1.301439201298713,-1.0723764938174765,-0.794925090338316,0.05549031761393678,0.1260681645959281,0.07116387204839807,4.012284520945096,2.541740179376679,0.0
1790323421.2724445,1.3025328726064989,-1.0698917876494016,-0.7935225053765258,0.05332654628048591,0.12115230373329493,0.06838893124905011,4.0114738682684745,2.555895256021593,0.0
1790323421.292064,1.3035680288812233,-1.0675400214812496,-0.7921949633502375,0.05106719217766397,0.11601928887299606,0.06549140978586676,4.010653728758129,2.569302602631229,0.0
1790323421.312776,1.3045823812617092,-1.0652355195724472,-0.7908941013959213,0.04863184813983677,0.11048644339273518,0.06236818903395965,4.009800143775969,2.5824493604138685,0.0
1790323421.3321447,1.305511593926505,-1.0631244461418514,-0.7897024273521117,0.046185481782331006,0.10492855636160169,0.05923083264576479,4.008974781916078,2.5945001742715066,0.0
1790323421.352247,1.3064138265958578,-1.0610746684228785,-0.7885453539562374,0.043586987559030774,0.09902505082170356,0.05589837901462905,4.00813361249412,2.6062078295692244,0.0
1790323421.3724496,1.3072643556719297,-1.0591423558291417,-0.7874545881263474,0.04090709463178122,0.09293661598875701,0.05246153515467797,4.007304729354821,2.6172505176937246,0.0
1790323421.3924763,1.308058883661359,-1.0573372718135063,-0.786435641207139,0.03816970674951177,0.08671755866589587,0.048950956564085574,4.006498901374531,2.6275712414948194,0.0
1790323421.4127512,1.3088000833347488,-1.0556533441223104,-0.7854850854888169,0.03537697630673397,0.08037276886704012,0.04536940359338154,4.005719685637089,2.637203612360551,0.0
1790323421.4320939,1.3094621623367382,-1.0541491702738384,-0.7846359985235685,0.03265069392062273,0.07417894206326402,0.041873067309224216,4.00500120593291,2.645811259776492,0.0
1790323421.4522707,1.3100885573615502,-1.052726066667918,-0.7838326746769182,0.02982894013760064,0.06776821428833654,0.03825429319147375,4.004301940018332,2.653957971316792,0.0
1790323421.4719498,1.3106552338589081,-1.0514386372745845,-0.7831059371939686,0.02702783751507399,0.06140440377776046,0.034662003271441755,4.0036529861790795,2.661330465185041,0.0
1790323421.492027,1.3111697614249036,-1.0502696847677644,-0.7824460784033481,0.02422947620763096,0.05504682124669562,0.031073228966461964,4.003050288478266,2.6680264957783493,0.0
1790323421.5124571,1.311630751607099,-1.0492223635653442,-0.7818548789337477,0.021459579299266025,0.048753906836167905,0.027520958991264916,4.0024994123776505,2.6740273865743838,0.0
1790323421.5319593,1.3120275639108456,-1.0483208477518926,-0.7813459847477834,0.01881621947505644,0.042748471370413405,0.024130967216183036,4.00201698120088,2.6791940391103664,0.0
1790323421.5518396,1.3123759719850423,-1.0475293012563407,-0.7808991668401033,0.01623114669621848,0.03687545794053269,0.0208157259924994,4.001587105316954,2.6837313475774667,0.0
1790323421.5716755,1.3126745784783171,-1.0468508987140182,-0.7805162172518874,0.013745011878312372,0.031227221150611398,0.017627368317067706,4.001213991724892,2.687620753298229,0.0
1790323421.5921438,1.3129286995718015,-1.0462735623206032,-0.7801903182165396,0.011347513838399863,0.0257803577965946,0.014552683379496403,4.000893056787662,2.6909312054336896,0.0
1790323421.6123812,1.3131347121121921,-1.0458055234992811,-0.7799261162675305,0.009118600535783653,0.02071650123229733,0.011694200892913656,4.000630579568298,2.69361526398989,0.0
1790323421.6319816,1.3132945331493793,-1.0454424269143567,-0.7797211528733732,0.0071107250899370734,0.016154819427622744,0.00911918965741374,4.000425535521862,2.69569770715309,0.0
1790323421.6520035,1.3134182186698384,-1.0451614264223454,-0.7795625316772677,0.005273377729266211,0.011980559494629091,0.006762873130394913,4.000266000936541,2.697309427191424,0.0
1790323421.6723104,1.3135076564110764,-1.0449582332822032,-0.7794478317395591,0.003658416616160257,0.00831153772330785,0.004691757105869836,4.000150177886605,2.6984749349935644,0.0
1790323421.6918614,1.313566454819096,-1.0448246494841835,-0.7793724253882374,0.002319917863434411,0.005270609353712329,0.002975191800934563,4.00007382161,2.6992411952732684,0.0
1790323421.7129142,1.313602282105046,-1.044743253659175,-0.779326478482492,0.001227576410624728,0.002788924476255804,0.00157431231918898,4.000027213596643,2.699708107337662,0.0
1790323421.731991,1.313618566521779,-1.0447062571773142,-0.7793055944400391,0.0004909173403175927,0.0011153125576381573,0.0006295797230024638,4.000006008463517,2.699920333605349,0.0
1790323421.7518806,1.313623619844331,-1.0446947765600347,-0.7792991137779168,7.466235976380712e-05,0.00016962502765455442,9.57511660688093e-05,3.9999994255440865,2.699986191265821,0.0
1790323421.7720206,1.313623931649957,-1.0446940681704513,-0.7792987139010261,0.0,0.0,0.0,3.9999990193169923,2.699990254892627,0.0
1790323421.793063,1.313623931649957,-1.0446940681704513,-0.7792987139010261,0.0,0.0,0.0,3.9999990193169923,2.699990254892627,0.0
1790323421.8120723,1.313623931649957,-1.0446940681704513,-0.7792987139010261,0.0,0.0,0.0,3.9999990193169923,2.699990254892627,0.0
1790323421.8318722,1.313623931649957,-1.0446940681704513,-0.7792987139010261,0.0,0.0,0.0,3.9999990193169923,2.699990254892627,0.0
1790323421.8524668,1.313623931649957,-1.0446940681704513,-0.7792987139010261,0.0,0.0,0.0,3.9999990193169923,2.699990254892627,0.0
1790323421.8723884,1.313623931649957,-1.0446940681704513,-0.7792987139010261,0.0,0.0,0.0,3.9999990193169923,2.699990254892627,0.0
1790323421.891814,1.313623931649957,-1.0446940681704513,-0.7792987139010261,0.0,0.0,0.0,3.9999990193169923,2.699990254892627,0.0
1790323421.9122758,1.313623931649957,-1.0446940681704513,-0.7792987139010261,0.0,0.0,0.0,3.9999990193169923,2.699990254892627,0.0
1790323421.9541848,1.313623931649957,-1.0446940681704513,-0.7792987139010261,0.0,0.0,0.0,3.9999990193169923,2.699990254892627,0.0
1790323421.954976,1.313623932432901,-1.0446940681640047,-0.7792987140985502,3.517254994528302e-06,2.8960615111261043e-08,-8.873462833999258e-07,3.999999017059614,2.699990257786742,0.0
1790323421.9716887,1.3136374691988248,-1.044693956704054,-0.7793021292046345,0.002325619389257599,1.9148844235732694e-05,-0.00058671598302394,3.9999599876333107,2.700040295501464,0.0
1790323421.9917722,1.3137565365070505,-1.0446929763194954,-0.7793321679517804,0.010502093072109909,8.647285334647886e-05,-0.0026495074340513102,3.9996166634104,2.700480395669305,0.0
1790323422.0116813,1.3140923844391603,-1.0446902109917857,-0.7794168969278736,0.024024695368847,0.00019781618245616654,-0.006061040265356358,3.9986479987346084,2.7017215359367848,0.0
1790323422.03186,1.314756775180666,-1.0446847404857866,-0.7795845119163,0.042670606026432245,0.00035134415890181674,-0.010765100547694298,3.996730586359996,2.7041758150505566,0.0
1790323422.052284,1.3158468006641233,-1.0446757653592926,-0.7798595076340008,0.0659116150449283,0.0005427075710027574,-0.016628429480941672,3.993581489417409,2.7081995071780396,0.0
1790323422.0721247,1.3174184051218085,-1.0446628249748515,-0.780255997901744,0.0927773924109226,0.000763916849025471,-0.023406228569563613,3.9890338609281417,2.7139945489254154,0.0
1790323422.091802,1.3195570640893801,-1.044645215538143,-0.7807955468082881,0.12314210699707821,0.0010139359160140674,-0.031066752664757384,3.982831669736923,2.7218684690670263,0.0
1790323422.1124008,1.3224000635575408,-1.0446218066543722,-0.7815127893783335,0.15740643969564758,0.001296063925746425,-0.03971108704499233,3.974562422259102,2.7323140164777735,0.0
1790323422.1316888,1.3258286517986015,-1.0445935761096494,-0.7823777664805757,0.1931463643622438,0.001590341765705415,-0.04872768930193236,3.964552896281086,2.744878276340442,0.0
1790323422.152009,1.3301230102224968,-1.0445582169270888,-0.7834611633320859,0.23238635950341127,0.0019134387256980777,-0.05862730246711765,3.951958908841657,2.7605643951744607,0.0
1790323422.1718419,1.335138308886449,-1.044516921617394,-0.7847264416916367,0.2729419124635604,0.0022473678157783825,-0.06885880949359167,3.937170834923584,2.7788120630915962,0.0
1790323422.191758,1.3410152936799464,-1.044468531297419,-0.7862091094601723,0.315367924159203,0.0025966980171242596,-0.07956220286603012,3.9197331118468925,2.8000958595548093,0.0
1790323422.2124245,1.3478751928009003,-1.0444120477901233,-0.787939750542194,0.35981033997746686,0.002962631024861724,-0.09077430223414523,3.8992311696729454,2.8248033267251755,0.0
1790323422.2318983,1.3554094749414023,-1.044350011501725,-0.7898405275020282,0.40387684185699296,0.0033254688066597328,-0.10189156462372564,3.8765314607396495,2.851769752914393,0.0
1790323422.2525196,1.3640521307375004,-1.044278849010396,-0.792020929125255,0.44970768037881975,0.0037028339043628593,-0.11345394047953108,3.8502591569074633,2.8824823839513973,0.0
1790323422.2725751,1.3734560014661314,-1.0442014187754112,-0.7943933729070125,0.4950498955254969,0.004076175741448234,-0.1248930445974057,3.821392155167076,2.9156297276961376,0.0
1790323422.2917233,1.383689485475414,-1.0441171576137662,-0.7969751146391292,0.5400750179745917,0.004446906678958924,-0.1362521513801054,3.789649201187324,2.9513782539388873,0.0
1790323422.3122003,1.395059097888283,-1.0440235417202455,-0.7998434831065709,0.5857717349019375,0.00482316743708988,-0.1477806905369591,3.753983875541841,2.99069679467724,0.0
1790323422.3318126,1.4071012140545662,-1.0439243885192522,-0.8028815133435157,0.6300324868109366,0.005187604648086985,-0.15894695905261547,3.7157571719350577,3.0318784084991885,0.0
1790323422.3521237,1.4202950572357314,-1.0438157521494689,-0.806210105591954,0.6743995387278108,0.005552917119370645,-0.17014004533299465,3.673347721101423,3.076446258425961,0.0
1790323422.3723176,1.4343341933511191,-1.04370015574882,-0.8097519515125696,0.7175544305287401,0.005908248823656828,-0.18102732331245663,3.6276250275256574,3.123227673626327,0.0
1790323422.392041,1.4489592740467006,-1.0435797347575484,-0.8134416217297809,0.7586595928107,0.006246703324620131,-0.19139748784024613,3.579350467351494,3.1712493500973307,0.0
1790323422.4125993,1.4648436064328978,-1.043448945253446,-0.8174489806870098,0.7994050529215151,0.006582196085206519,-0.20167690535504038,3.5261880239095897,3.222572128012427,0.0
1790323422.4321651,1.480802594645979,-1.0433175410430822,-0.8214751740962823,0.8367177972877641,0.00688942431574905,-0.21109030446552562,3.4720227958807603,3.2732508400429006,0.0
1790323422.45225,1.498098424747287,-1.0431751294524032,-0.8258386309916702,0.8734864466571062,0.0071921725396347155,-0.22036643724926663,3.4124850553194364,3.3271598273689738,0.0
1790323422.4723663,1.51597669389273,-1.043027922135225,-0.8303490277938673,0.9078675206051021,0.007475261781463554,-0.22904022354980852,3.350048674722581,3.381760098343406,0.0
1790323422.491829,1.5341343497056,-1.0428784143849659,-0.8349299093125149,0.9393465807720006,0.007734456223429238,-0.2369818789280721,3.2857280926890144,3.436028679747987,0.0
1790323422.5125604,1.553485727508989,-1.0427190776848096,-0.8398119474926349,0.9693868316085217,0.007981803698569833,-0.24456054609143005,3.216196100150225,3.492533373468893,0.0
1790323422.5328798,1.5733898955120027,-1.0425551893828406,-0.8448334456578569,0.9967839213100324,0.008207387732496425,-0.2514723866490323,3.1436480628713834,3.5492001389419032,0.0
1790323422.5519948,1.5931262367958319,-1.0423926829440084,-0.8498126038688376,1.0206728711516107,0.00840408620413139,-0.25749918052358184,3.0707099488898995,3.603916619031602,0.0
1790323422.571751,1.6136200184933016,-1.0422239398404125,-0.8549828519885643,1.0422234717769963,0.008581531015809593,-0.262936046886618,2.993948810281987,3.6591619550854873,0.0
1790323422.59193,1.6347603281418022,-1.0420498733106853,-0.8603162086049322,1.061152980642953,0.00873739410261024,-0.26771165438875344,2.913708225822596,3.714452654943967,0.0
1790323422.6121671,1.6562791648219655,-1.0418726900391553,-0.8657450614407197,1.0771279912608203,0.00886893023934815,-0.2717418899904062,2.830965754935689,3.768941924007719,0.0
1790323422.631741,1.6777243814060103,-1.0416961129458155,-0.8711553411225063,1.089862422419124,0.008973783870947284,-0.2749545800504422,2.747476542303828,3.821426136876816,0.0
1790323422.6521277,1.6998276636930865,-1.0415141174260119,-0.8767316400882873,1.0997563198390157,0.009055248921270201,-0.27745064960398286,2.6603915943689436,3.873600032962758,0.0
1790323422.6722589,1.7220380083248465,-1.0413312403689405,-0.8823349491439809,1.1064671005499873,0.009110504607186879,-0.2791436705341845,2.5718716742899757,3.924041955283519,0.0
1790323422.6920817,1.7440825041494117,-1.0411497288891387,-0.8878964172404891,1.1099733211764558,0.00913937436676254,-0.28002823302581986,2.4830528086790156,3.972120303019459,0.0
1790323422.712773,1.7666040670899945,-1.0409642893014373,-0.8935782416185261,1.1103358264331558,0.009142359187377314,-0.2801196872117535,2.3913704805574856,4.019175611375405,0.0
1790323422.7319088,1.788358324682151,-1.0407851676050752,-0.8990664873250657,1.1075988836750073,0.009119823560610531,-0.27942920102633345,2.3019528976342882,4.06263010885779,0.0
1790323422.7518115,1.810412494696357,-1.040603576469268,-0.9046303960624247,1.101708186184616,0.009071320332092417,-0.27794307376718863,2.2104860299719085,4.104663399618973,0.0
1790323422.7717137,1.8322781096283096,-1.0404235378712134,-0.9101467354163544,1.0927292778150797,0.008997389181290455,-0.2756778410834363,2.1190341172286598,4.144313984468971,0.0
1790323422.7918808,1.8541008477260412,-1.0402438523153736,-0.9156522576417138,1.080587576902718,0.008897416012593282,-0.2726146872332042,2.0270445949144147,4.181863932019295,0.0
1790323422.8127437,1.8760869591758944,-1.0400628215648358,-0.9211989963091671,1.065050750725947,0.008769487828922774,-0.2686949984460006,1.9336873595937205,4.217638051051933,0.0
1790323422.832055,1.8968228044810154,-1.0398920853413256,-0.9264303131438235,1.0472496268202511,0.008622915715504007,-0.26420406413426206,1.845055579490951,4.249474869662136,0.0
1790323422.8518546,1.9174180158540846,-1.0397225070791187,-0.9316261503225776,1.0264134142701982,0.008451353081297148,-0.2589474262745723,1.7565032756961985,4.2792575919146385,0.0
1790323422.8717487,1.9376828085580318,-1.0395556494407838,-0.9367386282400705,1.0026858622007035,0.008255983537693955,-0.25296135043537427,1.6689012554355571,4.306766069258039,0.0
1790323422.8918707,1.9575657211554,-1.03939193615303,-0.9417547640118263,0.9761116971350483,0.008037175357005658,-0.24625712039173264,1.5825318830829969,4.332017091765978,0.0
1790323422.9117193,1.9766930435521588,-1.0392344442956287,-0.9465802766535198,0.9472606659461216,0.007799619760062779,-0.2389784740218857,1.4990861614704536,4.354676999833074,0.0
1790323422.931742,1.995363502059392,-1.0390807141954173,-0.9512905299594471,0.9157531882929163,0.007540191332251702,-0.23102964937358142,1.4173242900526122,4.375247722703623,0.0
1790323422.9520268,2.013500977104782,-1.038931372610944,-0.9558663201983757,0.8817099380013166,0.007259883685986332,-0.22244109049226674,1.3376313063437726,4.393762879810773,0.0
1790323422.9721441,2.0308502604050087,-1.038788520893654,-0.9602432624672922,0.8456766449886253,0.0069631902896430875,-0.2133504761685361,1.261181507117609,4.410116233064127,0.0
1790323422.9917767,2.0471875240683097,-1.0386540020129758,-0.9643648886260744,0.8083196158668473,0.0066555974242469085,-0.2039259047338119,1.1890155477768467,4.42430019478735,0.0
1790323423.01252,2.0633181508117278,-1.0385211845535234,-0.968434383647604,0.7677981676154803,0.006321949147853998,-0.1937030017711977,1.1176144664946837,4.4371463289190345,0.0
1790323423.0321772,2.0780108038262166,-1.0384002071806637,-0.972141101262896,0.727348410268266,0.005988891164938637,-0.18349818525879893,1.0524663604873024,4.447844400868267,0.0
1790323423.0523095,2.092151443593192,-1.038283775012295,-0.9757085549054788,0.6847898863640088,0.005638469875492181,-0.17276136120931201,0.9896785220925252,4.4572368445806765,0.0
1790323423.072411,2.1054962593068196,-1.038173895554532,-0.9790752350707116,0.6408718739132172,0.005276854736124237,-0.1616815602898032,0.9303571469193369,4.465287210590458,0.0
1790323423.0921154,2.117738809447395,-1.0380730920065513,-0.9821638315425274,0.5968476510550076,0.004914365074228122,-0.15057496421031102,0.8758874612830908,4.471977592099321,0.0
1790323423.1123526,2.129339894554982,-1.0379775701973004,-0.985090596809657,0.5512391877411081,0.004538830984745067,-0.1390686900061008,0.824236841948116,4.477703550684085,0.0
1790323423.132266,2.139823349917024,-1.0378912508044078,-0.9877354022523015,0.5061301689519646,0.004167409255802658,-0.1276884175400347,0.777538780310314,4.4823640371737685,0.0
1790323423.1521177,2.1495153382990266,-1.0378114482465521,-0.9901805334363938,0.46042899873500504,0.003791111829870623,-0.11615875489057274,0.7343511139520901,4.486238710354107,0.0
1790323423.1719174,2.158253542783957,-1.0377394990198838,-0.9923850404412466,0.4151578386450808,0.0034183550507789194,-0.10473757680894644,0.6954044784326547,4.489374719357765,0.0
1790323423.191769,2.166071391579049,-1.0376751278809402,-0.994357356660372,0.37053782318346323,0.003050959710932164,-0.09348067193662186,0.6605551522481716,4.491893278503699,0.0
1790323423.2125428,2.17319014173716,-1.0376165130282433,-0.9961533016530095,0.32554773884273164,0.0026805172725982785,-0.08213040469932954,0.6288201137798592,4.493950785402446,0.0
1790323423.2317355,2.179127066131982,-1.0375676291734728,-0.9976510912090033,0.2838351744503725,0.002337061502530401,-0.0716070024887361,0.6023532890080633,4.495494846621328,0.0
1790323423.2520187,2.1844254838140644,-1.0375240026990125,-0.99898779589644,0.24223490003458778,0.0019945303133636766,-0.06111192921463756,0.5787334975583317,4.496740886981533,0.0
1790323423.2718487,2.188861422762075,-1.0374874777610337,-1.000106911213649,0.20296124897439585,0.0016711562349594686,-0.051203825207955925,0.5589594567938745,4.497688402648663,0.0
1790323423.2921283,2.1925728827462145,-1.0374569180875757,-1.0010432522602994,0.16554325619532492,0.0013630614028257676,-0.04176387363309245,0.5424158556979719,4.498414174531981,0.0
1790323423.3125587,2.195553337671111,-1.0374323774136494,-1.0017951726085719,0.13086784768011056,0.0010775486488750004,-0.033015831503870594,0.5291314453297139,4.498952820275013,0.0
1790323423.3318825,2.1978178476391075,-1.0374137317363525,-1.002366471677576,0.10001899945757403,0.0008235432891872807,-0.025233168358883784,0.5190386707295218,4.499335772511676,0.0
1790323423.352113,2.1995443262532195,-1.0373995161384733,-1.0028020341784423,0.07187605839578684,0.0005918180132384928,-0.01813316162238924,0.5113442177376513,4.499612480902608,0.0
1790323423.3723757,2.200744761479524,-1.0373896319126752,-1.0031048844802204,0.047657171334512506,0.000392402881922792,-0.012023129948445618,0.5059943915036412,4.499797099514345,0.0
1790323423.3926861,2.2014987031969278,-1.0373834240557163,-1.003295091724756,0.02792365955749107,0.00022991974087759805,-0.007044685576056017,0.5026344804112144,4.499909788489671,0.0
1790323423.4125805,2.2019000997001084,-1.037380119009692,-1.0033963575402347,0.013234408571962585,0.00010897037987693111,-0.0033388262373914225,0.5008457003839802,4.499968757193127,0.0
1790323423.431767,2.2020588808786252,-1.0373788116263476,-1.003436415451546,0.003914834892508334,3.223423571007643e-05,-0.0009876492314022543,0.5001381146111704,4.499991886663014,0.0
1790323423.4523542,2.2020885766043365,-1.0373785671156472,-1.0034439072006185,3.915671702028609e-05,3.224112588962719e-07,-9.878603448469392e-06,0.5000057801656014,4.499996200015504,0.0
1790323423.4721859,2.202088605732543,-1.0373785668758093,-1.0034439145491918,0.0,0.0,-0.0,0.5000056503602704,4.499996204244507,0.0
1790323423.4921896,2.202088605732543,-1.0373785668758093,-1.0034439145491918,0.0,0.0,-0.0,0.5000056503602704,4.499996204244507,0.0
1790323423.5124795,2.202088605732543,-1.0373785668758093,-1.0034439145491918,0.0,0.0,-0.0,0.5000056503602704,4.499996204244507,0.0
1790323423.5321126,2.202088605732543,-1.0373785668758093,-1.0034439145491918,0.0,0.0,-0.0,0.5000056503602704,4.499996204244507,0.0
1790323423.5523531,2.202088605732543,-1.0373785668758093,-1.0034439145491918,0.0,0.0,-0.0,0.5000056503602704,4.499996204244507,0.0
1790323423.5722904,2.202088605732543,-1.0373785668758093,-1.0034439145491918,0.0,0.0,-0.0,0.5000056503602704,4.499996204244507,0.0
1790323423.5919626,2.202088605732543,-1.0373785668758093,-1.0034439145491918,0.0,0.0,-0.0,0.5000056503602704,4.499996204244507,0.0
1790323423.6126657,2.202088605732543,-1.0373785668758093,-1.0034439145491918,0.0,0.0,-0.0,0.5000056503602704,4.499996204244507,0.0
1790323423.6521587,2.202088605732543,-1.0373785668758093,-1.0034439145491918,0.0,0.0,0.0,0.5000056503602704,4.499996204244507,0.0
1790323423.653208,2.202088606508291,-1.0373785666790827,-1.0034439146336387,3.2406455327766288e-06,8.218147568061928e-07,-3.527720466420215e-07,0.5000056464809098,4.499996204954041,0.0
1790323423.6718981,2.202103654321867,-1.037374750613694,-1.0034455527171435,0.002310404347013132,0.0005859093095373856,-0.00025150731908901605,0.49993039520689897,4.500009967713002,0.0
1790323423.691806,2.2022124041508997,-1.0373471720916387,-1.0034573910682905,0.00928709117035913,0.002355169207619631,-0.0010109794873836518,0.4993865483517633,4.500109392649821,0.0
1790323423.7116966,2.2025018494980135,-1.0372737699082957,-1.003488899675591,0.020457450104589613,0.0051879275942201515,-0.002226968815157531,0.4979389803030616,4.500373694970811,0.0
1790323423.7317982,2.203057387153411,-1.037132887778933,-1.0035493747117217,0.03559247515280763,0.009026109463682352,-0.003874546036496954,0.4951603064913769,4.500879654728958,0.0
1790323423.7521615,2.2039654965413655,-1.036902594867145,-1.0036482302033585,0.054509141407765936,0.013823300430934623,-0.00593378732126899,0.4906172153841164,4.501702982068994,0.0
1790323423.7720578,2.2052585944087557,-1.0365746704154681,-1.0037889949912917,0.07618435593925979,0.0193200482173731,-0.008293320233567616,0.4841461133029522,4.502867344088122,0.0
1790323423.7921216,2.2070365575714215,-1.0361237860625334,-1.003982541523118,0.10097694744452909,0.025607350346662346,-0.010992206353142579,0.47524478596268027,4.504452925549042,0.0
1790323423.8122375,2.209317018540467,-1.0355454702739886,-1.004230789248826,0.12803885550317362,0.03247014208521793,-0.013938127033244397,0.4638213379229539,4.506460556751264,0.0
1790323423.8318143,2.2121449850244566,-1.0348283092748016,-1.004538637643321,0.1571144299220308,0.03984359156568615,-0.01710325255878877,0.4496454366776752,4.508909455763378,0.0
1790323423.8529606,2.2157443045536884,-1.0339155362258319,-1.0049304544292061,0.18950229003216004,0.04805702346086575,-0.02062894877636189,0.4315873754474988,4.51196101721524,0.0
1790323423.8719254,2.2196974178629056,-1.0329130424880923,-1.005360784700936,0.22101936575405284,0.05604962791502745,-0.024059852648485584,0.4117345593601609,4.515228162620561,0.0
1790323423.891978,2.2244382446668074,-1.031710787755971,-1.005876864339228,0.25485046838728753,0.06462906034656377,-0.027742658186879873,0.38789907667849644,4.519029700812883,0.0
1790323423.9124043,2.2299888659714577,-1.0303031723745701,-1.006481097050881,0.2904206356425313,0.073649512616571,-0.031614775817492786,0.35995603759700634,4.523318693230242,0.0
1790323423.9317727,2.2360102214917674,-1.0287761806772318,-1.0071365732172728,0.3252849566190594,0.08249096509100719,-0.0354100560298078,0.3296003526323692,4.5277735993672295,0.0
1790323423.9519856,2.2429255349306207,-1.0270224848241956,-1.0078893643665428,0.3616262851899745,0.09170698078894472,-0.03936612118040369,0.2946846741010174,4.532635423833788,0.0
1790323423.9722135,2.250583509097795,-1.025080453178287,-1.0087230005025416,0.3982163652248259,0.10098607886407296,-0.04334926506026833,0.2559553343189114,4.537701258327356,0.0
1790323423.9918334,2.2588189998422212,-1.022991965636266,-1.009619504268729,0.4341086530983497,0.11008821963561378,-0.04725644828155658,0.21423352196978107,4.5427751938162695,0.0
1790323424.0122116,2.267951293624138,-1.0206760524277523,-1.0106136327333817,0.47047115943861134,0.11930960593122676,-0.05121481881389206,0.16788579870345144,4.547947472929181,0.0
1790323424.0317523,2.27758372675366,-1.0182333058793485,-1.0116622056534605,0.5055542933869315,0.12820654850088642,-0.05503391869395851,0.11891097456717103,4.552884172067087,0.0
1790323424.0523784,2.288152662173566,-1.015553066092565,-1.0128127248760035,0.540780912572845,0.13713987835340236,-0.05886863817216265,0.06507657388984733,4.557686422549399,0.0
1790323424.072222,2.299323885618172,-1.012720088469588,-1.0140288083131428,0.5748288681324649,0.14577430382047976,-0.06257505001056339,0.008071168959262964,4.562061667103964,0.0
1790323424.091808,2.3110427268796943,-1.0097482371566378,-1.0153045046441014,0.6074931298514662,0.15405783005910992,-0.06613083491271206,-0.05183271112841048,4.565875526238493,0.0
1790323424.112836,2.3237299399981075,-1.0065308106105992,-1.0166856165530398,0.6397658188329952,0.16224205501632474,-0.06964399376563378,-0.11679459260739078,4.569106682155118,0.0
1790323424.1318347,2.336611367196593,-1.0032641321499747,-1.0180878703294924,0.6696163412149886,0.1698120282033881,-0.07289347902019867,-0.18285206215845484,4.571429955491691,0.0
1790323424.152217,2.350358370635215,-0.9997779470138777,-1.0195843494998267,0.6985703855211038,0.177154658132925,-0.07604537495115549,-0.2534447186153339,4.572842840042421,0.0
1790323424.1721406,2.3646734633603765,-0.9961476967049194,-1.0211426700589403,0.7258405539511855,0.18407026386942452,-0.07901396655799807,-0.3270420203472517,4.573141192437301,0.0
1790323424.1920352,2.3794035799361466,-0.99241219800597,-1.0227461695219802,0.7511030466363594,0.1904767310601129,-0.08176400544922849,-0.4028456735066075,4.5721964793934005,0.0
1790323424.2122514,2.3947640772663643,-0.9885168372668277,-1.024418291334074,0.7746651140095927,0.1964519771869529,-0.08432893846837633,-0.48194876990201085,4.569856651002884,0.0
1790323424.2318094,2.410267233348406,-0.9845852988383174,-1.0261059427742445,0.7957731122377373,0.2018048811855785,-0.08662672502359968,-0.5618193137490795,4.566090550499647,0.0
1790323424.2526484,2.42659570157303,-0.9804444645485704,-1.0278834365161147,0.8152887536011322,0.20675396984669886,-0.08875116988363276,-0.6459497108689141,4.560596336562595,0.0
1790323424.2724042,2.443135663341855,-0.9762499963411869,-1.0296839531432973,0.8323784752088808,0.21108785495227655,-0.09061153258209251,-0.7311483696223662,4.553431642236783,0.0
1790323424.2918243,2.4596415194052845,-0.9720641772043982,-1.0314807570720768,0.8468790456884195,0.21476514167853655,-0.09219004398477618,-0.8161193416554879,4.544676124699336,0.0
1790323424.3122466,2.4768913397532386,-0.9676896916980929,-1.0333585478908527,0.859422722700392,0.21794616804158248,-0.09355553075806684,-0.9048314584379873,4.533811558109994,0.0
1790323424.3318312,2.4940104907610308,-0.9633483434142703,-1.0352221142317903,0.8693266164467448,0.2204577559176004,-0.09463365449338092,-0.9927479327742224,4.521297207816236,0.0
1790323424.3521798,2.5117203849938936,-0.9588571850093048,-1.037149988036917,0.8769805367121081,0.2223987595102099,-0.09546684932741559,-1.083532101920786,4.506536179849158,0.0
1790323424.3720183,2.5290637168213608,-0.9544589853654867,-1.0390379583818639,0.8819759175388626,0.223665568125275,-0.09601063935325671,-1.172237458802385,4.490293690011239,0.0
1790323424.3919525,2.5468030982196286,-0.9499603491332115,-1.0409690421177233,0.884562657162434,0.22432155495665326,-0.09629222813608031,-1.2627266814976918,4.471853504673575,0.0
1790323424.4128609,2.564798856961313,-0.9453966966311839,-1.0429280347252057,0.8845988465474461,0.22433073244007187,-0.096296167660872,-1.354235100259304,4.451262615095134,0.0
1790323424.4317052,2.5820170299607605,-0.9410302367659904,-1.0448023804588,0.8821938484762906,0.22372083454010855,-0.09603436300400639,-1.4414809981684586,4.42978895206717,0.0
1790323424.452165,2.599793146447891,-0.9365222846619808,-1.0467374631239934,0.8771904331614315,0.2224519884109677,-0.09548969835525953,-1.531200218661228,4.405805810733114,0.0
1790323424.4722419,2.6174087081699065,-0.9320550486047936,-1.0486550680266498,0.8696702926264865,0.22054491082338007,-0.0946710665917062,-1.6197174256713052,4.38022724097322,0.0
1790323424.4917972,2.6344767457272953,-0.927726662487733,-1.0505130702303416,0.859898928715064,0.21806693198388322,-0.09360736986503489,-1.705076453274209,4.353729143168565,0.0
1790323424.5123804,2.65184598834315,-0.9233218919715247,-1.0524038611867246,0.8473713436054516,0.2148899864629691,-0.09224363483326377,-1.7914957031758394,4.3250377766411106,0.0
1790323424.531935,2.6683703109456625,-0.9191313897942208,-1.0542026753565874,0.83294605474888,0.21123179085545227,-0.09067331848059097,-1.8732614128160443,4.296133162064982,0.0
1790323424.5521712,2.6849969806139544,-0.9149149328100358,-1.0560126308819295,0.8158548022478243,0.2068975175214497,-0.08881278913127118,-1.9550598877694083,4.265473403901788,0.0
1790323424.5722504,2.7012233372137797,-0.910799993620278,-1.0577790088980894,0.7965534235453043,0.20200276501488823,-0.08671166859863871,-2.034401555561186,4.234034969243624,0.0
1790323424.5918117,2.716728592827442,-0.9068679227589389,-1.059466888890275,0.7755446315842947,0.19667501932915876,-0.08442468149603767,-2.109741099072549,4.202600960178433,0.0
1790323424.6122522,2.7321679754676884,-0.9029525570204158,-1.061147598044609,0.7519632771737395,0.19069488208672905,-0.08185764891753942,-2.1842733331678463,4.16995546089591,0.0
1790323424.6319144,2.7467953907520437,-0.8992431029585529,-1.0627399175916725,0.7269835807910024,0.18436013090822473,-0.07913839482809754,-2.2544153607814112,4.137795604455496,0.0
1790323424.6522517,2.761273911936204,-0.8955714078454873,-1.064316028739537,0.6995109016522949,0.1773931692652934,-0.07614775819460015,-2.3233720747354365,4.104790247886658,0.0
1790323424.6727288,2.77506950569806,-0.8920729003975953,-1.0658177973830956,0.6705469218382902,0.1700480197306601,-0.07299478069843754,-2.3886217758675143,4.072262536353107,0.0
1790323424.6921048,2.7879885452910336,-0.8887966835840359,-1.0672241455911198,0.6406960475684791,0.16247795730625236,-0.06974525713786711,-2.449308138517109,4.04085246320024,0.0
1790323424.7124963,2.800682346601352,-0.8855775862988577,-1.0686059746812244,0.608497107122253,0.15431243468287562,-0.06624012644522166,-2.5085294247343395,4.0091012699998965,0.0
1790323424.7321606,2.812294260569396,-0.8826328513202297,-1.0698700310596547,0.5762374144401066,0.14613150553524829,-0.06272838235089838,-2.5623387316758643,3.9792892930561576,0.0
1790323424.7520652,2.8235079845097504,-0.8797890957413719,-1.0710907410400914,0.5421860410171626,0.1374962133116904,-0.05902159844877524,-2.613962533455855,3.9498081904657876,0.0
1790323424.7718334,2.833947928618386,-0.8771415676356498,-1.0722272184526258,0.507538879304638,0.12870983155879112,-0.05524995788394249,-2.6617156305854417,3.9217542105602243,0.0
1790323424.7918296,2.8437589309477445,-0.874653536651768,-1.0732952301608893,0.47196087925628655,0.11968739292375326,-0.05137698758665326,-2.7063141754107236,3.8948596842725496,0.0
1790323424.8124123,2.8529119445422584,-0.8723323689815804,-1.0742916141547636,0.4356534217101075,0.110479966782333,-0.04742460958745889,-2.747673676123724,3.869307809562545,0.0
1790323424.8322182,2.8612708763739567,-0.8702125772731237,-1.075201555541498,0.39934557984489455,0.10127244317914157,-0.043472189751843096,-2.785231683739036,3.845585909181968,0.0
1790323424.8518658,2.86881625066907,-0.8682991005047969,-1.0760229342161618,0.3634285187058064,0.09216402000645282,-0.0395623097482296,-2.818956267260858,3.8238572483940247,0.0
1790323424.8719876,2.8757061917965867,-0.8665518389685228,-1.076772963371839,0.327408714015635,0.08302954147979436,-0.03564124522831269,-2.8496014937459604,3.803755710960091,0.0
1790323424.8928711,2.8819788035129426,-0.86496112970394,-1.0774557909290614,0.2912387876134923,0.07385699268689815,-0.03170383867313094,-2.8773747926112154,3.785240031720165,0.0
1790323424.9122415,2.8874527747701153,-0.8635729524682696,-1.078051679625965,0.25627658281647536,0.06499071726675047,-0.02789790296784771,-2.9015124642923595,3.768914843944458,0.0
1790323424.9320726,2.8922151181305376,-0.8623652412233993,-1.0785701015258846,0.22244818350912834,0.056411970387856204,-0.024215391709650525,-2.9224359450969337,3.7545858280087483,0.0
1790323424.9519453,2.896320752133423,-0.8613240688472507,-1.0790170349826023,0.18981669605970392,0.048136755573017796,-0.02066317456770236,-2.940416681489184,3.7421388122014094,0.0
1790323424.9721732,2.8998267034347482,-0.8604349736077586,-1.0793986878364816,0.15836854113489518,0.040161629157574506,-0.01723977331516406,-2.95572862930446,3.7314411970029844,0.0
1790323424.9917843,2.9026701255992213,-0.8597138931097654,-1.0797082187142908,0.1293056770730144,0.03279140297284223,-0.01407603142093597,-2.96811811840847,3.722718799915774,0.0
1790323425.0121827,2.904999777948934,-0.8591231025836625,-1.079961821343477,0.10182220460062637,0.025821704183621987,-0.011084219840541728,-2.9782495765839077,3.715541554607957,0.0
1790323425.031991,2.906780770338986,-0.8586714500307683,-1.0801556976326723,0.07714228435636102,0.01956297503586512,-0.008397598953600231,-2.9859831172812257,3.7100359074718385,0.0
1790323425.0521076,2.908097510748216,-0.858337529924961,-1.0802990361139602,0.055238380836053945,0.014008232635753246,-0.006013171284435366,-2.9916941325793123,3.705954999170536,0.0
1790323425.0719783,2.9090084381502415,-0.8581065223760663,-1.0803981983705861,0.03645385101751432,0.009244550940731561,-0.003968314183505695,-2.9956417388710923,3.7031266276085155,0.0
1790323425.0918062,2.9095767246543303,-0.8579624071896226,-1.0804600612281863,0.021216114019581088,0.00538032173128029,-0.0023095558859426773,-2.998103102175361,3.701359989990559,0.0
1790323425.1123672,2.9098820988312557,-0.8578849655186942,-1.0804933038251614,0.009667463760388078,0.0024516301764015342,-0.0010523863045482761,-2.9994253039071355,3.7004099901522576,0.0
1790323425.1318176,2.9099957898387423,-0.8578561339335289,-1.0805056800659412,0.0025919269304024548,0.0006573023116610445,-0.00028215346564028896,-2.999917482695057,3.7000561831336025,0.0
1790323425.1523502,2.9100136922776003,-0.8578515939465765,-1.0805076288998794,3.104131604688542e-07,7.87195370181626e-08,-3.379113353054399e-08,-2.9999949801456642,3.700000464644031,0.0
1790323425.1724365,2.910013692300586,-0.8578515939407474,-1.0805076289023816,0.0,0.0,-0.0,-2.9999949802451655,3.700000464572491,0.0
1790323425.1928842,2.910013692300586,-0.8578515939407474,-1.0805076289023816,0.0,0.0,-0.0,-2.9999949802451655,3.700000464572491,0.0
1790323425.2124176,2.910013692300586,-0.8578515939407474,-1.0805076289023816,0.0,0.0,-0.0,-2.9999949802451655,3.700000464572491,0.0
1790323425.2320056,2.910013692300586,-0.8578515939407474,-1.0805076289023816,0.0,0.0,-0.0,-2.9999949802451655,3.700000464572491,0.0
1790323425.2519498,2.910013692300586,-0.8578515939407474,-1.0805076289023816,0.0,0.0,-0.0,-2.9999949802451655,3.700000464572491,0.0
1790323425.271889,2.910013692300586,-0.8578515939407474,-1.0805076289023816,0.0,0.0,-0.0,-2.9999949802451655,3.700000464572491,0.0
1790323425.291904,2.910013692300586,-0.8578515939407474,-1.0805076289023816,0.0,0.0,-0.0,-2.9999949802451655,3.700000464572491,0.0
1790323425.3119795,2.910013692300586,-0.8578515939407474,-1.0805076289023816,0.0,0.0,-0.0,-2.9999949802451655,3.700000464572491,0.0
1790323425.3459122,2.910013692300586,-0.8578515939407474,-1.0805076289023816,0.0,0.0,0.0,-2.9999949802451655,3.700000464572491,0.0
1790323425.3516,2.910013786552412,-0.857851667057061,-1.0805077146580329,5.05244785676265e-05,-3.919461059630789e-05,-4.5970033217996444e-05,-2.9999950025622697,3.700000115131794,0.0
1790323425.3717942,2.910022697224405,-0.8578585795543062,-1.0805158220922733,0.0010416507721532021,-0.0008080656653831973,-0.0009477528903804745,-2.9999971123429146,3.6999670785667704,0.0
1790323425.391804,2.91006338186108,-0.8578901408595774,-1.0805528392798316,0.003208196005328195,-0.0024887736936693382,-0.0029189984956970705,-3.0000067426564816,3.6998162377692037,0.0
1790323425.4117799,2.910157785002777,-0.85796337455704,-1.080638732606843,0.006433528641084875,-0.004990841211948431,-0.005853588868685612,-3.0000290721035188,3.699466223633734,0.0
1790323425.431833,2.9103272054645157,-0.8580948033062948,-1.0807928809419618,0.010649397822808996,-0.008261322285424151,-0.009689425513039716,-3.00006908820204,3.6988380408904105,0.0
1790323425.452283,2.9105946566204897,-0.858302279844581,-1.0810362231569208,0.015831122844542737,-0.012281070736111425,-0.014404052524118905,-3.0001321084825596,3.6978462973387827,0.0
1790323425.4724844,2.9109727465675386,-0.8585955849644968,-1.0813802308125757,0.021784812358400945,-0.016899674405512072,-0.019821056568116426,-3.0002208853812267,3.6964441250856024,0.0
1790323425.492123,2.9114658007362495,-0.8589780741399101,-1.0818288394307445,0.028300253046592897,-0.021954059287390932,-0.025749173658234873,-3.0003361045441803,3.694615308825149,0.0
1790323425.5119386,2.9120991329647996,-0.859469384704212,-1.0824050809756327,0.035476727601896164,-0.027521244414753187,-0.032278736813524556,-3.0004831880843867,3.6922656955777864,0.0
1790323425.5320153,2.91289086944796,-0.8600835781413754,-1.083125447686237,0.043277666332840845,-0.03357286067113441,-0.03937647285671968,-3.000665609483852,3.689327651534687,0.0
1790323425.5523808,2.9138458578006925,-0.8608244150123443,-1.0839943501973073,0.05155142973219147,-0.03999127296943211,-0.046904411572542416,-3.0008835019095765,3.685782671922909,0.0
1790323425.572204,2.914960282185981,-0.8616889351629472,-1.0850083166441276,0.060126061461531356,-0.046643085341694084,-0.05470609734159474,-3.00113480813105,3.681644301442234,0.0
1790323425.5921574,2.9162393173038894,-0.8626811528919894,-1.0861720552620042,0.06893913033219994,-0.05347986648891464,-0.06272472673120542,-3.001419300239854,3.6768925984661345,0.0
1790323425.6122773,2.917714003053104,-0.863825147552222,-1.0875138079094218,0.07808982125097888,-0.06057855958613585,-0.07105054378918535,-3.001742090625014,3.6714113196299785,0.0
1790323425.6318927,2.9193559958987105,-0.8650989315082369,-1.0890077860324263,0.08730816296964837,-0.06772973312122423,-0.07943791337786642,-3.0020949233944827,3.6653047586277983,0.0
1790323425.6527863,2.921240889695408,-0.8665611470613983,-1.0907227692030215,0.09690856593224921,-0.07517729252914822,-0.08817290393311175,-3.002491403020091,3.6582904305883663,0.0
1790323425.6725311,2.9232537782816204,-0.8681226551966036,-1.0925542092850493,0.1062385358542917,-0.08241506218728047,-0.09666183918585511,-3.0029047154779294,3.650794597422226,0.0
1790323425.691878,2.92543863410443,-0.8698175677540775,-1.0945421149022572,0.11549044124742988,-0.08959227290648784,-0.1050797469072193,-3.003341540665927,3.6426523315207096,0.0
1790323425.712269,2.927854794282195,-0.8716919157927032,-1.0967404743268518,0.12484526462957671,-0.09684932275747664,-0.11359129524611354,-3.003810307754751,3.633640784906595,0.0
1790323425.731847,2.9304184541619227,-0.8736806874443057,-1.0990730373373334,0.1339267762393121,-0.10389434966840255,-0.12185416904916264,-3.004291261512245,3.62407079470637,0.0
1790323425.752686,2.9332709251628324,-0.8758935057313518,-1.1016683770693343,0.14316438477632487,-0.11106046953176195,-0.1302590686807923,-3.0048065094097254,3.6134126931875308,0.0
1790323425.7721078,2.9361637660831517,-0.878137641180216,-1.1043004476412943,0.15173012507407785,-0.11770538433261751,-0.1380526645216159,-3.0053076482591585,3.602593071682687,0.0
1790323425.7918212,2.9392606326267066,-0.8805400505010937,-1.1071181522849622,0.16012008877424136,-0.12421393958084075,-0.14568632885479776,-3.005820239613318,3.5909985349895712,0.0
1790323425.812797,2.9426288834029117,-0.883152987463667,-1.1101827776795907,0.16843910075530252,-0.13066745368702362,-0.15325543729395602,-3.0063496945310177,3.5783741673556495,0.0
1790323425.8320882,2.946016968222822,-0.8857813107823509,-1.1132654492109393,0.17605321915873753,-0.13657414316343985,-0.16018319361831204,-3.006852766539911,3.565661096819917,0.0
1790323425.8518136,2.9495773823595908,-0.8885433194088318,-1.1165049157186047,0.18332262919980977,-0.14221342344702262,-0.16679731474409543,-3.0073495344720835,3.552286010757728,0.0
1790323425.8722951,2.9533711531208318,-0.8914863555745485,-1.1199567033047404,0.19031965507702284,-0.14764140038739976,-0.17316360532485095,-3.0078428849955383,3.538017104744997,0.0
1790323425.891943,2.957185375833075,-0.8944452574409746,-1.1234270992346647,0.19664165896254732,-0.15254572572644934,-0.17891572265215533,-3.008301465750286,3.5236535717538113,0.0
1790323425.9121785,2.9612134084798725,-0.897570023406627,-1.1270920315570958,0.20260229440121472,-0.1571697177308877,-0.18433904649208663,-3.0087449967257145,3.508465803326483,0.0
1790323425.9318879,2.9652895711792,-0.900732126495202,-1.130800755328272,0.20793751935021357,-0.16130854449858648,-0.18919333643399433,-3.0091511954221954,3.493076826401047,0.0
1790323425.9524214,2.9695609031510384,-0.9040456330985348,-1.1346870551614845,0.21282322699766612,-0.16509865602785231,-0.1936386300661927,-3.009530816867074,3.476929955544131,0.0
1790323425.9719062,2.9737977092914787,-0.9073323561198189,-1.1385419414371252,0.21699563500555236,-0.16833542188381512,-0.19743492327216483,-3.00986082546424,3.460892556626284,0.0
1790323425.991797,2.9781575804529457,-0.9107145474312056,-1.142508799241517,0.22062188680243588,-0.17114850439614177,-0.20073429261323444,-3.0101520137792965,3.444367704426788,0.0
1790323426.0121846,2.982652493971319,-0.9142014985094025,-1.1465985262334555,0.22368029659802802,-0.1735210807072801,-0.2035170071287228,-3.010400806640359,3.4273083361829366,0.0
1790323426.031886,2.9871196363864754,-0.9176669060188725,-1.1506629855022315,0.22605841756882708,-0.17536591964563,-0.20568075632759322,-3.0105963360385894,3.4103318473067237,0.0
1790323426.0525281,2.991764561182255,-0.9212702290769433,-1.1548892012536973,0.22785040654725838,-0.17675606383303571,-0.20731120943072637,-3.0107449519601603,3.392656237952412,0.0
1790323426.0725236,2.996305716984805,-0.9247930528325582,-1.1590210020957759,0.22894422454643773,-0.17760459847914165,-0.20830642701994728,-3.0108363316041626,3.375352661845188,0.0
1790323426.0922701,3.0008505300626576,-0.9283187137373218,-1.1631561305341394,0.2293952861230007,-0.17795451169644835,-0.20871682839856234,-3.010874405950776,3.358012845104834,0.0
1790323426.1125412,3.0054544285134384,-0.931890210408223,-1.167345018192453,0.2291989308668966,-0.1778021881491358,-0.20853817326145782,-3.0108585227578217,3.3404251639435274,0.0
1790323426.132108,3.009998898055038,-0.9354156048130632,-1.1714798340620693,0.2283589133010138,-0.1771505404266409,-0.2077738776862814,-3.0107890919690954,3.323042676917429,0.0
1790323426.151857,3.0145256429666683,-0.9389272492497828,-1.1755985230590968,0.22687802896856227,-0.1760017371852394,-0.20642648521663548,-3.010666836808894,3.305706727510852,0.0
1790323426.1720278,3.0190372863463186,-0.9424271785994371,-1.1797034718267065,0.22475192262585136,-0.1743523998234029,-0.20449203320505077,-3.0104922604131197,3.288407804268625,0.0
1790323426.1918333,3.02350934562588,-0.945896400390443,-1.183772404737298,0.22198870870644813,-0.1722088231525354,-0.20197790462293438,-3.0102672641277426,3.271240454825646,0.0
1790323426.2124286,3.027997761454804,-0.9493783108543681,-1.1878562197632292,0.2185382871947693,-0.1695321418412704,-0.1988385156375407,-3.0099894379075094,3.2539903887070887,0.0
1790323426.23199,3.0322662159500204,-0.9526895852411811,-1.1917399015051786,0.2146031849630429,-0.16647946709822012,-0.1952581366719954,-3.009676893255643,3.237567438645083,0.0
1790323426.2529366,3.036626158066495,-0.9560718315962611,-1.1957068238684567,0.20989472300619597,-0.1628268547776569,-0.1909741112115008,-3.009309006151498,3.2207743934290463,0.0
1790323426.272386,3.0406734037666734,-0.9592115021817522,-1.1993892373154267,0.20486684345644673,-0.15892645270198202,-0.1863994615274137,-3.0089235092903195,3.205169621269323,0.0
1790323426.2918243,3.0446870534508914,-0.962325110494055,-1.2030410832035927,0.19921671505410546,-0.15454333804494522,-0.18125865458184734,-3.008499383031912,3.1896792681397748,0.0
1790323426.3124657,3.0486959624937757,-0.9654350412307287,-1.2066886157876775,0.19286631026444348,-0.14961698056603376,-0.17548069650281953,-3.0080341801162334,3.1741923990265053,0.0
1790323426.3322256,3.0524645023264707,-0.9683585043806046,-1.2101174468454874,0.18620067902509574,-0.14444608463179603,-0.16941592753975954,-3.0075589835715166,3.1596207952276396,0.0
1790323426.3521562,3.0561040627420377,-0.9711819111187652,-1.2134289251218753,0.17906557120048758,-0.1389109899474666,-0.1629240021798135,-3.007065202510567,3.145535836425516,0.0
1790323426.3721032,3.05957998430608,-0.9738783742199842,-1.2165915154996918,0.17154852178473404,-0.13307960221153364,-0.15608456472018722,-3.006561659572668,3.1320732278657086,0.0
1790323426.392097,3.0629387770595407,-0.9764839740752979,-1.2196475354493543,0.16356176309620474,-0.12688383521703442,-0.1488177591513898,-3.0060454215052728,3.119054263144296,0.0
1790323426.4121795,3.066141073970973,-0.9789681715181144,-1.2225611666151937,0.15520636718042644,-0.12040209609609376,-0.141215546546984,-3.0055260914581567,3.1066328460169856,0.0
1790323426.4318893,3.069140299306165,-0.9812948351955258,-1.225290031755336,0.14663921148033676,-0.1137560832899743,-0.1334206628929206,-3.0050156675392112,3.0949912173889937,0.0
1790323426.4523897,3.0719977243566228,-0.9835114966106637,-1.2278898789623018,0.13771424551580166,-0.10683249742659844,-0.1253002231874418,-3.0045077612175577,3.0838929620109328,0.0
1790323426.47213,3.0746455435499604,-0.9855655552601439,-1.2302990148846067,0.12867590451356897,-0.09982096032493419,-0.11707662844906003,-3.0040182876346946,3.0736027612673436,0.0
1790323426.4917464,3.077115052755862,-0.9874812890674654,-1.23254591427765,0.11946698570575709,-0.09267709665888789,-0.10869783235856073,-3.003545458839551,3.06400033115908,0.0
1790323426.5133574,3.0795052432414134,-0.9893354909907333,-1.234720645004877,0.10970247289491826,-0.08510222823602577,-0.09981352536524861,-3.003072820869326,3.054701597665753,0.0
1790323426.5319445,3.081536027451678,-0.9909108817435524,-1.2365683675395984,0.10061370471731375,-0.07805157200719379,-0.09154404912560939,-3.002659662852426,3.046797470178338,0.0
1790323426.5519567,3.0834523925330255,-0.9923975112992289,-1.238311985068069,0.09121956678784206,-0.07076402370442768,-0.08299673018407436,-3.002260020203923,3.0393356575073307,0.0
1790323426.571863,3.0851782122878713,-0.99373632438881,-1.2398822336625668,0.08191570404457618,-0.06354650681752488,-0.07453154872176317,-3.0018920023718385,3.0326132856705006,0.0
1790323426.5920167,3.086730663722042,-0.9949406461583172,-1.241294741936207,0.0726782717833373,-0.056380523700956545,-0.06612680947582002,-3.0015543868481482,3.0265642112054887,0.0
1790323426.6125233,3.0881109288200834,-0.9960113935380255,-1.2425505853254997,0.06356642800490431,-0.049311966462269756,-0.05783633774712907,-3.0012489943511476,3.021184472480918,0.0
1790323426.6324863,3.0892945174962496,-0.9969295682245082,-1.2436274813628725,0.05485180913292959,-0.0425515583815589,-0.04990728374431256,-3.0009832028739325,3.0165701228710664,0.0
1790323426.652035,3.09029451950577,-0.9977053246592078,-1.2445373398492732,0.04659636358733948,-0.036147356247630186,-0.04239601164969455,-3.000755821526877,3.0126706615598238,0.0
1790323426.671848,3.091143635125519,-0.9983640302413498,-1.2453099133493348,0.038672459769779455,-0.03000034922575341,-0.03518639500373784,-3.0005607235629355,3.0093589702122667,0.0
1790323426.6921022,3.091847008078767,-0.9989096752393407,-1.2459498819139223,0.031162035621903658,-0.024174101073680142,-0.0283529855882013,-3.000397703859589,3.0066152805021615,0.0
1790323426.7123663,3.092401304031517,-0.9993396730273251,-1.246454211777048,0.024291672592397808,-0.018844383454995138,-0.022101940042756587,-3.0002683363949427,3.004452837935958,0.0
1790323426.7319155,3.0928201992578286,-0.9996646330415874,-1.2468353463877224,0.018161721806100276,-0.014089044244084206,-0.016524563506478185,-3.0001700444203756,3.0028184708313397,0.0
1790323426.7533302,3.0931350653091894,-0.9999088919161557,-1.247121829360939,0.012569788799778827,-0.009751074949259147,-0.011436706029446854,-3.000095864488501,3.001589897346939,0.0
1790323426.772314,3.0933367386539214,-1.0000653409966516,-1.2473053231963898,0.008059723736918297,-0.006252369986550306,-0.007333193303877256,-3.000048217512451,3.000802950023876,0.0
1790323426.7919,3.0934588443284805,-1.0001600650690543,-1.2474164218573702,0.00444395081779129,-0.003447416514736256,-0.004043358239503054,-3.0000193180638113,3.0003264678052686,0.0
1790323426.812633,3.0935204134425516,-1.0002078276094937,-1.2474724409257363,0.0017725184763506964,-0.0013750398504823239,-0.0016127377371800116,-3.000004731565665,3.0000862077807806,0.0
1790323426.8318808,3.0935390284891127,-1.000222268322627,-1.2474893779497895,0.00032325315634425364,-0.00025076521215319585,-0.0002941140365274158,-3.0000003195019294,3.0000135660594762,0.0
1790323426.8523908,3.0935405671024503,-1.0002234619094255,-1.2474907778673787,0.0,-0.0,-0.0,-2.9999999547859737,3.000007561898274,0.0
1790323426.872027,3.0935405671024503,-1.0002234619094255,-1.2474907778673787,0.0,-0.0,-0.0,-2.9999999547859737,3.000007561898274,0.0
1790323426.8921103,3.0935405671024503,-1.0002234619094255,-1.2474907778673787,0.0,-0.0,-0.0,-2.9999999547859737,3.000007561898274,0.0
1790323426.9123268,3.0935405671024503,-1.0002234619094255,-1.2474907778673787,0.0,-0.0,-0.0,-2.9999999547859737,3.000007561898274,0.0
1790323426.9318702,3.0935405671024503,-1.0002234619094255,-1.2474907778673787,0.0,-0.0,-0.0,-2.9999999547859737,3.000007561898274,0.0
1790323426.9521646,3.0935405671024503,-1.0002234619094255,-1.2474907778673787,0.0,-0.0,-0.0,-2.9999999547859737,3.000007561898274,0.0
1790323426.972066,3.0935405671024503,-1.0002234619094255,-1.2474907778673787,0.0,-0.0,-0.0,-2.9999999547859737,3.000007561898274,0.0
1790323426.9920154,3.0935405671024503,-1.0002234619094255,-1.2474907778673787,0.0,-0.0,-0.0,-2.9999999547859737,3.000007561898274,0.0
1790323427.0121737,3.0935405671024503,-1.0002234619094255,-1.2474907778673787,0.0,0.0,0.0,-2.9999999547859737,3.000007561898274,0.0
1790323427.0317647,3.0935405671024503,-1.0002234619094255,-1.2474907778673787,0.0,0.0,0.0,-2.9999999547859737,3.000007561898274,0.0
1790323427.051603,3.0935405671024503,-1.0002234619094255,-1.2474907778673787,0.0,0.0,0.0,-2.9999999547859737,3.000007561898274,0.0
1790323427.0715964,3.0935405671024503,-1.0002234619094255,-1.2474907778673787,0.0,0.0,0.0,-2.9999999547859737,3.000007561898274,0.0
1790323427.091614,3.0935405671024503,-1.0002234619094255,-1.2474907778673787,0.0,0.0,0.0,-2.9999999547859737,3.000007561898274,0.0
1790323427.111942,3.0935405671024503,-1.0002234619094255,-1.2474907778673787,0.0,0.0,0.0,-2.9999999547859737,3.000007561898274,0.0
1790323427.1317973,3.0935405671024503,-1.0002234619094255,-1.2474907778673787,0.0,0.0,0.0,-2.9999999547859737,3.000007561898274,0.0
1790323427.1516917,3.0935405671024503,-1.0002234619094255,-1.2474907778673787,0.0,0.0,0.0,-2.9999999547859737,3.000007561898274,0.0
1790323427.1716547,3.0935405671024503,-1.0002234619094255,-1.2474907778673787,0.0,0.0,0.0,-2.9999999547859737,3.000007561898274,0.0
1790323427.1916628,3.0935405671024503,-1.0002234619094255,-1.2474907778673787,0.0,0.0,0.0,-2.9999999547859737,3.000007561898274,0.0
1790323427.211916,3.0935405671024503,-1.0002234619094255,-1.2474907778673787,0.0,0.0,0.0,-2.9999999547859737,3.000007561898274,0.0
1790323427.2316623,3.0935405671024503,-1.0002234619094255,-1.2474907778673787,0.0,0.0,0.0,-2.9999999547859737,3.000007561898274,0.0
1790323427.2519069,3.0935405671024503,-1.0002234619094255,-1.2474907778673787,0.0,0.0,0.0,-2.9999999547859737,3.000007561898274,0.0
1790323427.271773,3.0935405671024503,-1.0002234619094255,-1.2474907778673787,0.0,0.0,0.0,-2.9999999547859737,3.000007561898274,0.0
1790323427.2917583,3.0935405671024503,-1.0002234619094255,-1.2474907778673787,0.0,0.0,0.0,-2.9999999547859737,3.000007561898274,0.0
1790323427.3118732,3.0935405671024503,-1.0002234619094255,-1.2474907778673787,0.0,0.0,0.0,-2.9999999547859737,3.000007561898274,0.0
1790323427.3317096,3.0935405671024503,-1.0002234619094255,-1.2474907778673787,0.0,0.0,0.0,-2.9999999547859737,3.000007561898274,0.0
1790323427.351831,3.0935405671024503,-1.0002234619094255,-1.2474907778673787,0.0,0.0,0.0,-2.9999999547859737,3.000007561898274,0.0
1790323427.3717396,3.0935405671024503,-1.0002234619094255,-1.2474907778673787,0.0,0.0,0.0,-2.9999999547859737,3.000007561898274,0.0
1790323427.3916712,3.0935405671024503,-1.0002234619094255,-1.2474907778673787,0.0,0.0,0.0,-2.9999999547859737,3.000007561898274,0.0
1790323427.4120355,3.0935405671024503,-1.0002234619094255,-1.2474907778673787,0.0,0.0,0.0,-2.9999999547859737,3.000007561898274,0.0
1790323427.4316642,3.0935405671024503,-1.0002234619094255,-1.2474907778673787,0.0,0.0,0.0,-2.9999999547859737,3.000007561898274,0.0
1790323427.4517431,3.0935405671024503,-1.0002234619094255,-1.2474907778673787,0.0,0.0,0.0,-2.9999999547859737,3.000007561898274,0.0
1790323427.4717648,3.0935405671024503,-1.0002234619094255,-1.2474907778673787,0.0,0.0,0.0,-2.9999999547859737,3.000007561898274,0.0
1790323427.4916573,3.0935405671024503,-1.0002234619094255,-1.2474907778673787,0.0,0.0,0.0,-2.9999999547859737,3.000007561898274,0.0
1790323427.5123844,3.0935405671024503,-1.0002234619094255,-1.2474907778673787,0.0,0.0,0.0,-2.9999999547859737,3.000007561898274,0.0
1790323427.531639,3.0935405671024503,-1.0002234619094255,-1.2474907778673787,0.0,0.0,0.0,-2.9999999547859737,3.000007561898274,0.0
1790323427.5516715,3.0935405671024503,-1.0002234619094255,-1.2474907778673787,0.0,0.0,0.0,-2.9999999547859737,3.000007561898274,0.0
1790323427.5716088,3.0935405671024503,-1.0002234619094255,-1.2474907778673787,0.0,0.0,0.0,-2.9999999547859737,3.000007561898274,0.0
1790323427.591873,3.0935405671024503,-1.0002234619094255,-1.2474907778673787,0.0,0.0,0.0,-2.9999999547859737,3.000007561898274,0.0
1790323427.6121397,3.0935405671024503,-1.0002234619094255,-1.2474907778673787,0.0,0.0,0.0,-2.9999999547859737,3.000007561898274,0.0
1790323427.6319275,3.0935405671024503,-1.0002234619094255,-1.2474907778673787,0.0,0.0,0.0,-2.9999999547859737,3.000007561898274,0.0
1790323427.6517913,3.0935405671024503,-1.0002234619094255,-1.2474907778673787,0.0,0.0,0.0,-2.9999999547859737,3.000007561898274,0.0
1790323427.6718154,3.0935405671024503,-1.0002234619094255,-1.2474907778673787,0.0,0.0,0.0,-2.9999999547859737,3.000007561898274,0.0
1790323427.691806,3.0935405671024503,-1.0002234619094255,-1.2474907778673787,0.0,0.0,0.0,-2.9999999547859737,3.000007561898274,0.0
1790323427.7117424,3.0935405671024503,-1.0002234619094255,-1.2474907778673787,0.0,0.0,0.0,-2.9999999547859737,3.000007561898274,0.0
1790323427.7430406,3.0935405671024503,-1.0002234619094255,-1.2474907778673787,0.0,0.0,0.0,-2.9999999547859737,3.000007561898274,0.0
1790323427.7516375,3.093540242206462,-1.000223209839661,-1.2474904823229402,-0.00011507393546108617,8.927983366412509e-05,0.00010467799809745046,-3.0000000318142437,3.000008829682352,0.0
1790323427.7719164,3.0935281224865134,-1.000213806784341,-1.247479457515136,-0.0012897889186079465,0.0010006796035414076,0.0011732676163996466,-3.0000029050349264,3.0000561222619497,0.0
1790323427.7918887,3.0934808656742194,-1.000177142701165,-1.2474364699481637,-0.003618485758531905,0.002807393397499475,0.003291586785743872,-3.0000141045835917,3.000240522863842,0.0
1790323427.8118467,3.0933765446870285,-1.0000962055163303,-1.2473415734622224,-0.006999226327286015,0.005430332766267264,0.006366906608656236,-3.0000388075674844,3.000647587333228,0.0
1790323427.8318887,3.093194002515646,-0.9999545806155007,-1.2471755224012924,-0.011360810553839432,0.008814257307463148,0.010334459326303762,-3.000081965626096,3.0013598539620263,0.0
1790323427.852271,3.0929120189686565,-0.9997358043646466,-1.2469190136351938,-0.016648509077749497,0.01291670537955826,0.015144459903827463,-3.0001484654656805,3.0024600840184688,0.0
1790323427.8722405,3.0925204153533548,-0.9994319796497245,-1.246562788028298,-0.02265409026251535,0.017576120972532486,0.020607488636737982,-3.000240476677051,3.003987924099624,0.0
1790323427.8920455,3.09200673307349,-0.9990334404990578,-1.2460955125110496,-0.029289271521711995,0.022724010255876937,0.02664323850870877,-3.000360571732073,3.0059918763947095,0.0
1790323427.9125102,3.0913361577621314,-0.998513176270521,-1.245485517894238,-0.03671966419150746,0.028488862382993127,0.03340235930036,-3.0005163229305944,3.0086075887554267,0.0
1790323427.932032,3.0905430999382073,-0.9978978842817464,-1.2447641060032544,-0.04437951259673131,0.034431737185793794,0.040370206481183384,-3.000699025339801,3.011700623794172,0.0
1790323427.9523036,3.0895594652665825,-0.9971347337080128,-1.243869334238716,-0.052757202126520686,0.04093154728364354,0.04799104403354883,-3.000923377993212,3.015536262916581,0.0
1790323427.9719498,3.0884310158565356,-0.996259228970787,-1.2428428304981018,-0.06130417832508789,0.04756269803278394,0.055765874664548847,-3.0011776861475123,3.019935680366149,0.0
1790323427.9921331,3.0871148768033114,-0.9952381056792277,-1.2416455932544346,-0.07023868389680012,0.054494512505952886,0.06389322473291963,-3.001470141283055,3.0250655837087783,0.0
1790323428.0123723,3.0856005525996504,-0.9940632209194887,-1.2402680751789938,-0.07949452520839774,0.0616756345333682,0.07231288062913567,-3.001801104198922,3.0309662790537235,0.0
1790323428.0318696,3.0839483278754445,-0.9927813463754244,-1.2387651147054166,-0.08863777795835777,0.06876940499837095,0.08063011936899332,-3.002155454852235,3.0374022612674785,0.0
1790323428.0518787,3.0820824663181767,-0.991333722212701,-1.2370678176436696,-0.09802496837276745,0.07605243390855693,0.08916925810968819,-3.0025471525726775,3.0446678362863993,0.0
1790323428.0718226,3.080036265756316,-0.9897461824707569,-1.2352064736506683,-0.107404119627612,0.08332922565629687,0.09770108395953342,-3.0029663768524575,3.0526324523507933,0.0
1790323428.0920749,3.0777846588766553,-0.987999278735453,-1.2331582800287078,-0.11682463730164891,0.09063811144001445,0.1062705391294516,-3.0034151931046114,3.0613927006547117,0.0
1790323428.1123047,3.075336101312103,-0.986099571289068,-1.230930928517206,-0.12618419281748702,0.0978996998811845,0.1147845395462636,-3.003888409870791,3.0709145490615435,0.0
1790323428.1319313,3.0727445443426076,-0.9840889181012669,-1.2285734963633888,-0.1352472027376037,0.1049312141413182,0.12302878470372555,-3.0043723977169527,3.080987135711701,0.0
1790323428.1522539,3.0699139457565736,-0.9818928050551768,-1.225998617940953,-0.14430336272439725,0.11195741389730073,0.13126679876024797,-3.0048812075838973,3.091982448319217,0.0
1790323428.171878,3.0669847129412333,-0.9796201668815606,-1.2233340160409432,-0.15287602751121795,0.11860849507531844,0.13906499723715984,-3.005385955733212,3.103353836013744,0.0
1790323428.1917963,3.0638376420765403,-0.9771785195858184,-1.2204712558801227,-0.161296353163318,0.1251413843052299,0.1467246191059931,-3.005903538310721,3.1155627779127233,0.0
1790323428.212413,3.060475554642532,-0.9745700522063916,-1.2174129040421462,-0.16949505480721766,0.13150232708602738,0.15418263878388888,-3.0064282096606316,3.128596483306512,0.0
1790323428.2317896,3.0570655834157874,-0.9719244343025338,-1.2143109942990293,-0.17706145030335202,0.13737269667602287,0.1610654757197713,-3.0069305144926584,3.1418057886250725,0.0
1790323428.2523005,3.053421970058562,-0.9690975457185464,-1.2109965499763666,-0.18439654137504266,0.14306360928944611,0.1677379045905707,-3.007434022417562,3.155908850015344,0.0
1790323428.2725036,3.049633973618894,-0.9661586378703113,-1.2075507663372136,-0.19127666050364067,0.14840153302455913,0.17399646430844148,-3.007921097692442,3.1705582071426934,0.0
1790323428.2917793,3.0458064674734238,-0.9631890765126784,-1.204069042353341,-0.19752133320369933,0.15324644718964975,0.17967698470080254,-3.0083755747851493,3.185347177594423,0.0
1790323428.3127544,3.04169212233483,-0.959996971818087,-1.2003263928049068,-0.20350189005824315,0.1578864477167289,0.18511724983584985,-3.0088218687384813,3.201229466036219,0.0
1790323428.3317144,3.0376903436810885,-0.9568922015576876,-1.1966861403304927,-0.208640653858871,0.1618733451450734,0.18979177065752867,-3.009213960269725,3.2166621099014097,0.0
1790323428.3521752,3.033415626647251,-0.9535756727172251,-1.1927976071040742,-0.21343638143614302,0.1655940987517152,0.1941542456193703,-3.0095870481725457,3.233130622020272,0.0
1790323428.3718646,3.0291425849244895,-0.9502604436627966,-1.1889105978388281,-0.21755238238505806,0.16878748810272756,0.19789840138994733,-3.009912760293513,3.249575183222142,0.0
1790323428.392051,3.0247253180420492,-0.9468333178681142,-1.1848923929128972,-0.22112813030854514,0.17156172345458726,0.20115111133535732,-3.010199825989938,3.266556124428691,0.0
1790323428.4126546,3.0202057654604544,-0.9433268339618823,-1.1807811429183448,-0.2241002601040085,0.17386764314616582,0.203854734843394,-3.010441307671825,3.2839103450613494,0.0
1790323428.4319665,3.015785433189749,-0.9398973298931511,-1.1767601495355344,-0.22635721312910007,0.17561869467543292,0.20590779163266548,-3.010626385781203,3.300863790625241,0.0
1790323428.4518378,3.011248957213336,-0.9363777160121045,-1.1726335050288925,-0.22802197423517376,0.1769102955409567,0.207422155934156,-3.010763783700268,3.3182420394172727,0.0
1790323428.4724925,3.006606511936397,-0.9327758861063215,-1.1684104646338656,-0.2290547163870462,0.17771154603410838,0.20836159874173613,-3.010849289618684,3.336004263258965,0.0
1790323428.4918973,3.0021034347597677,-0.9292821846030636,-1.1643142016335677,-0.22941523332296823,0.17799125222424825,0.20868954608255955,-3.0108789791926984,3.353211716446286,0.0
1790323428.5120301,2.9974934649235414,-0.9257055506891735,-1.1601207028033398,-0.22913282356157136,0.17777214529597982,0.20843264960684804,-3.0108550584365337,3.3708053444300434,0.0
1790323428.5325,2.9928727192187323,-0.9221205563437851,-1.1559174016112954,-0.22818625394620387,0.1770377515562254,0.20757159439048198,-3.0107759428300893,3.3884171467837803,0.0
1790323428.553082,2.988263674920961,-0.9185446405066602,-1.1517247447051076,-0.22657344348286454,0.17578645647083754,0.206104487439316,-3.0106420411411134,3.4059611378266683,0.0
1790323428.5720546,2.983848509989524,-0.9151191455055645,-1.1477084518370395,-0.22439122206281675,0.17409338527604867,0.20411941089925778,-3.010462279760821,3.4227451046731887,0.0
1790323428.5918,2.979426193905625,-0.9116881023001792,-1.1436856538614435,-0.22156491021898236,0.17190059808849473,0.20154843194884423,-3.010231727526811,3.4395343544781007,0.0
1790323428.612462,2.974955741558518,-0.9082197126917602,-1.1396190683187646,-0.2180352602126959,0.169162127693864,0.19833765537148745,-3.0099473069380602,3.4564837863927154,0.0
1790323428.6321325,2.9706677797441916,-0.9048929079204865,-1.135718486863516,-0.21398894514727643,0.16602280396650734,0.19465688996598957,-3.009625989088688,3.472719729986291,0.0
1790323428.652318,2.9664103767995993,-0.9015898121741617,-1.131845703547742,-0.2093006790748049,0.162385424107669,0.190392168289025,-3.009259981462959,3.488818796335788,0.0
1790323428.6721182,2.9622985127443986,-0.8983996324221017,-1.12810531093822,-0.20410290283466778,0.15835274202129235,0.18566396629266552,-3.0088620578806267,3.5043472573741155,0.0
1790323428.691892,2.9583058633388646,-0.8953019450667772,-1.1244733629631931,-0.19838589099471846,0.15391721225443988,0.1804634371536609,-3.0084339067881336,3.519406236753108,0.0
1790323428.7126744,2.954349832456825,-0.8922326681040712,-1.120874725343959,-0.1920231370982357,0.14898068507956244,0.17467550318232472,-3.0079691075737243,3.534308174092866,0.0
1790323428.7323623,2.950555967382221,-0.8892892070896581,-1.11742360325041,-0.18521514225904528,0.14369871879941654,0.16848255194650627,-3.0074854333790713,3.5485813648846674,0.0
1790323428.7521734,2.9469430663597214,-0.8864861465960613,-1.1141370966679758,-0.17803084351644946,0.13812479804870717,0.16194729261870416,-3.0069903200518153,3.5621572943102144,0.0
1790323428.7719626,2.9434842825934484,-0.8838026576018272,-1.1109907841771873,-0.17044821967600232,0.13224183773714576,0.15504969342942101,-3.0064847927690788,3.5751389362656965,0.0
1790323428.7919152,2.940164100663285,-0.8812267025058979,-1.1079705520422884,-0.1624497625696567,0.12603625419502681,0.1477738279225555,-3.0059705138842645,3.587586284652338,0.0
1790323428.8124156,2.9369522488207274,-0.8787347950456343,-1.1050488633061086,-0.15396006705160575,0.11944954452290499,0.1400511031567288,-3.0054459819486357,3.5996142593883835,0.0
1790323428.8317878,2.9340100159140614,-0.8764520707827009,-1.102372435760877,-0.14544793990284602,0.11284543132451573,0.13230797326451754,-3.0049421577476343,3.610621022565293,0.0
1790323428.8519628,2.931174570014723,-0.874252196960343,-1.0997931479380778,-0.13648317852743636,0.10589014295944714,0.12415310074330645,-3.0044355227357,3.621217795418404,0.0
1790323428.8721476,2.928520595333082,-0.8721931171419959,-1.0973789369739502,-0.12730792422535886,0.09877154416786814,0.11580675151549821,-3.0039425564417352,3.631126956818044,0.0
1790323428.8919008,2.9260879109905695,-0.8703057248964227,-1.0951660246758097,-0.11811637750891245,0.09164030494612557,0.10744558175240994,-3.003474767141364,3.6402018416815407,0.0
1790323428.9126182,2.923777434545293,-0.86851314735145,-1.093064279845638,-0.1085631483303279,0.0842284552635559,0.09875540441752118,-3.0030163758661317,3.6488136752512546,0.0
1790323428.9321632,2.9217263762338614,-0.8669218387362864,-1.091198516958834,-0.09927163683875646,0.0770196586135419,0.09030330083437696,-3.0025979438392656,3.656452697223237,0.0
1790323428.9519994,2.9198373868263094,-0.8654562708870267,-1.0894801814485593,-0.08988657322806452,0.06973827977886081,0.08176609675903117,-3.0022030024153947,3.663483185538678,0.0
1790323428.9720871,2.918132923385666,-0.8641338670615427,-1.0879297015759282,-0.08056841316351089,0.06250880789814664,0.07328975207158515,-3.0018387646748943,3.6698228335288845,0.0
1790323428.9918284,2.9166195180409304,-0.8629596951962721,-1.0865530193484358,-0.07143377460780156,0.055421720734855705,0.0649803493078395,-3.0015090941657343,3.675448605613786,0.0
1790323429.0124538,2.9152675100977845,-0.8619107431134829,-1.0853231536596217,-0.06237920454322354,0.04839675451616702,0.05674378153777617,-3.0012096014676324,3.6804718237251666,0.0
1790323429.0318234,2.914121467276579,-0.8610215885708907,-1.084280645920775,-0.053819182094778276,0.04175548186570824,0.04895708327302883,-3.0009520539814583,3.6847278820147946,0.0
1790323429.0522416,2.9131183524688553,-0.8602433243808223,-1.0833681538823852,-0.0454045661916346,0.03522702253067301,0.041302655326589874,-3.0007238558960667,3.688451697349156,0.0
1790323429.0718281,2.912298151269421,-0.8596069732700066,-1.0826220507857118,-0.03760782289144038,0.029177938155709453,0.03421028052360913,-3.000535347116975,3.6914954820789907,0.0
1790323429.0918555,2.9116209433458486,-0.8590815631453739,-1.0820060227559825,-0.030237691923751225,0.023459839923980704,0.027505977309136936,-3.0003783999388265,3.6940079299883255,0.0
1790323429.1122136,2.9110798680421204,-0.8586617711835969,-1.0815138289382662,-0.023387267840439572,0.018144955017714473,0.021274429945380355,-3.000252155484448,3.6960148781659212,0.0
1790323429.132115,2.91067406136874,-0.8583469270605204,-1.081144683397064,-0.01729234785078781,0.013416226129700792,0.015730133397908668,-3.0001569784759927,3.6975198294740714,0.0
1790323429.1520147,2.9103846570165786,-0.8581223933959761,-1.0808814242315237,-0.012006737612008047,0.009315398248557951,0.0109220324469687,-3.000088843761068,3.6985929612638455,0.0
1790323429.1722088,2.910190935155,-0.8579720947596295,-1.0807052034689635,-0.00753926956198451,0.0058493239997914025,0.006858161595876401,-3.000043115435549,3.6993112320481907,0.0
1790323429.191809,2.910077245468585,-0.8578838888922292,-1.0806017846649518,-0.004023891179452906,0.003121926209828651,0.003660367324184875,-3.000016233928216,3.6997327403841096,0.0
1790323429.2130647,2.9100225956439436,-0.8578414889583589,-1.0805520719805206,-0.0014947997365919966,0.0011597367493287936,0.0013597574755402353,-3.000003300361773,3.6999353501936727,0.0
1790323429.2319574,2.910007823311131,-0.8578300278797832,-1.0805386342005416,-0.00020768774167591021,0.00016113403053963845,0.00018892494586983605,-2.999999802986676,3.6999901167269105,0.0
1790323429.2520938,2.9100070332228434,-0.8578294148917021,-1.080537915489915,-0.0,0.0,0.0,-2.999999615916127,3.699993045869757,0.0
1790323429.2718241,2.9100070332228434,-0.8578294148917021,-1.080537915489915,-0.0,0.0,0.0,-2.999999615916127,3.699993045869757,0.0
1790323429.29199,2.9100070332228434,-0.8578294148917021,-1.080537915489915,-0.0,0.0,0.0,-2.999999615916127,3.699993045869757,0.0
1790323429.3123674,2.9100070332228434,-0.8578294148917021,-1.080537915489915,-0.0,0.0,0.0,-2.999999615916127,3.699993045869757,0.0
1790323429.3317308,2.9100070332228434,-0.8578294148917021,-1.080537915489915,-0.0,0.0,0.0,-2.999999615916127,3.699993045869757,0.0
1790323429.3520026,2.9100070332228434,-0.8578294148917021,-1.080537915489915,-0.0,0.0,0.0,-2.999999615916127,3.699993045869757,0.0
1790323429.3720076,2.9100070332228434,-0.8578294148917021,-1.080537915489915,-0.0,0.0,0.0,-2.999999615916127,3.699993045869757,0.0
1790323429.3917925,2.9100070332228434,-0.8578294148917021,-1.080537915489915,-0.0,0.0,0.0,-2.999999615916127,3.699993045869757,0.0
1790323429.4121315,2.9100070332228434,-0.8578294148917021,-1.080537915489915,0.0,0.0,0.0,-2.999999615916127,3.699993045869757,0.0
1790323429.4321618,2.9100070332228434,-0.8578294148917021,-1.080537915489915,0.0,0.0,0.0,-2.999999615916127,3.699993045869757,0.0
1790323429.4516578,2.9100070332228434,-0.8578294148917021,-1.080537915489915,0.0,0.0,0.0,-2.999999615916127,3.699993045869757,0.0
1790323429.4717984,2.9100070332228434,-0.8578294148917021,-1.080537915489915,0.0,0.0,0.0,-2.999999615916127,3.699993045869757,0.0
1790323429.4916725,2.9100070332228434,-0.8578294148917021,-1.080537915489915,0.0,0.0,0.0,-2.999999615916127,3.699993045869757,0.0
1790323429.5134075,2.9100070332228434,-0.8578294148917021,-1.080537915489915,0.0,0.0,0.0,-2.999999615916127,3.699993045869757,0.0
1790323429.5459282,2.910007031877895,-0.857829414434455,-1.0805379149052294,-3.415996935019568e-06,1.1613489276536089e-06,1.4850268316654462e-06,-2.9999996130410542,3.699993050362578,0.0
1790323429.5516572,2.910006779165028,-0.8578293285187407,-1.0805378050440688,-0.00011225957081925116,3.816529542320706e-05,4.8802290502312863e-05,-2.999999072821155,3.6999938945538426,0.0
1790323429.5719223,2.909991194229209,-0.8578240300513106,-1.0805310298483348,-0.001753599076787426,0.000596177469155068,0.0007623372416750032,-2.999965756770137,3.700045956086486,0.0
1790323429.5917127,2.9099244377356546,-0.8578013346029019,-1.0805020089838544,-0.005239258121900371,0.0017812096782617872,0.0022776480884045625,-2.999823041825391,3.7002689521987833,0.0
1790323429.611879,2.909769672008054,-0.8577487183344433,-1.0804347281102236,-0.010521092694827,0.0035768942277495225,0.004573805318759137,-2.9994921206700202,3.7007859118187345,0.0
1790323429.631932,2.909491439284115,-0.8576541265412623,-1.0803137727732146,-0.017530194394054965,0.005959804077218358,0.007620852575306448,-2.9988970039441183,3.701715192947894,0.0
1790323429.6520371,2.909055889068852,-0.8575060509472097,-1.0801244272414394,-0.026192700072429957,0.008904827703334834,0.011386679537843657,-2.9979648883409977,3.7031696682259647,0.0
1790323429.671886,2.908432867988647,-0.8572942401999621,-1.0798535830227833,-0.036402748333635916,0.01237597502137984,0.015825265376446913,-2.996630487352034,3.705249679722858,0.0
1790323429.6917417,2.9075945535235386,-0.8570092353760088,-1.0794891449106476,-0.04806337003067083,0.016340279077041508,0.02089445496396565,-2.9948329579013615,3.708047530895922,0.0
1790323429.7121263,2.90649356996655,-0.8566349299835876,-1.079010517395913,-0.061329288091652764,0.020850341588082303,0.026661510567931108,-2.9924687097297,3.7117203977232407,0.0
1790323429.731752,2.9051372292828717,-0.8561738098981521,-1.0784208791888368,-0.07572107148613898,0.025743168639788608,0.03291801047202332,-2.989550649186398,3.7162425743514325,0.0
1790323429.7518368,2.9034656299821626,-0.85560551019172,-1.077694189481391,-0.09154467698196368,0.03112277746958532,0.03979696240962332,-2.985946048021798,3.7218119589491856,0.0
1790323429.771854,2.9014656531241285,-0.8549255707703468,-1.0768247451132056,-0.10859799254242904,0.03692045531175575,0.047210502778038156,-2.981621326337774,3.72846975029919,0.0
1790323429.7920995,2.8991094462535765,-0.8541245225333319,-1.0758004378640236,-0.12684568382182387,0.04312418942001188,0.055143270775587214,-2.976509517404869,3.736305447285932,0.0
1790323429.811792,2.896381768154826,-0.8531971838690334,-1.074614641962609,-0.14616675616723496,0.04969284480123587,0.06354266673386266,-2.9705691479477556,3.74536568550539,0.0
1790323429.8318834,2.893259222316722,-0.8521356005802855,-1.0732571863088431,-0.16651774962463042,0.05661164621646503,0.07238979742811404,-2.9637390236533125,3.7557231985451884,0.0
1790323429.8518665,2.8897274331993623,-0.8509348853623953,-1.0717218214643096,-0.187805592494125,0.06384895174068805,0.08164420205751875,-2.9559754365385675,3.767419642087734,0.0
1790323429.872152,2.8857168934980426,-0.8495714075636621,-1.06997833071206,-0.21025148456379228,0.07147996347202247,0.09140204218975284,-2.9471102296790583,3.780677569821414,0.0
1790323429.8919384,2.8812860101355806,-0.8480650239985011,-1.0680521051309477,-0.2333639440473379,0.07933759055636862,0.10144965731697458,-2.9372550861139066,3.795295116902569,0.0
1790323429.912067,2.876374981094715,-0.8463954035571549,-1.0659171471565982,-0.25732413999361115,0.08748342569553727,0.11186580655511014,-2.9262575892143206,3.8114596247406842,0.0
1790323429.9320028,2.871000101162327,-0.8445680860377058,-1.0635805405763201,-0.2819247467109168,0.095846983618521,0.12256035978375311,-2.9141318719313722,3.829105815134122,0.0
1790323429.9525154,2.865049594692389,-0.8425450706664058,-1.060993693474888,-0.3075338884240107,0.10455341685964466,0.1336933506216531,-2.9005986888042616,3.848586326500773,0.0
1790323429.9722285,2.858687019769302,-0.8403819628812985,-1.0582277090027115,-0.333344446437473,0.11332832633446949,0.14491390260672962,-2.886002109821762,3.8693505962890713,0.0
1790323429.9917803,2.8517819292137436,-0.8380344140794134,-1.0552258782209094,-0.35981172620032503,0.12232650389586713,0.1564199494084976,-2.8700137119609472,3.8918081422698707,0.0
1790323430.0125928,2.8442213078201157,-0.8354640020694171,-1.0519390703439764,-0.38722953999606297,0.13164783797666138,0.1683392192224925,-2.852332240622003,3.9163043092699885,0.0
1790323430.0319157,2.8363056038561214,-0.8327728713438693,-1.0484978984103765,-0.4144393982851317,0.14089847266595615,0.1801680851183719,-2.833624734959666,3.9418449243390645,0.0
1790323430.0519202,2.8277161019754993,-0.8298526670849384,-1.0447638081854709,-0.44247508013592074,0.15042986560125604,0.19235595899075264,-2.8130992328274234,3.969435159136087,0.0
1790323430.071759,2.8186111729983963,-0.8267572311975347,-1.0408056477747303,-0.47072347826036526,0.16003357646335842,0.20463630641621885,-2.791086714884718,3.9985374570910333,0.0
1790323430.0917537,2.808918540286098,-0.8234619915293809,-1.036591996556346,-0.4993444038108146,0.16976393683216173,0.21707860165184759,-2.767365786474988,4.029353363807188,0.0
1790323430.1122456,2.7984900212271437,-0.8199165698980052,-1.0320584355164288,-0.5286715201073918,0.17973438344264958,0.22982789722331468,-2.7415142867248665,4.062315860206603,0.0
1790323430.131741,2.787793749465352,-0.8162801194044168,-1.027408475089882,-0.5573564616851425,0.18948650757356203,0.24229802196816363,-2.7146458791231844,4.095913276788224,0.0
1790323430.151773,2.776343539082918,-0.8123873496502274,-1.02243075702702,-0.5866730124750901,0.19945336219025478,0.2550427244263658,-2.6854894323887923,4.131637427328154,0.0
1790323430.1717618,2.764292422003024,-0.8082902874560884,-1.0171918084695084,-0.6161417725623356,0.20947196395647913,0.2678535964083749,-2.654365182800253,4.168961874326836,0.0
1790323430.1917892,2.7517155568415235,-0.8040144847705486,-1.0117243029130494,-0.6455367508224878,0.21946548184604756,0.28063239342222485,-2.6214074714685904,4.207608847339322,0.0
1790323430.2119632,2.7384120239024905,-0.7994916341923288,-1.005940895097932,-0.6752695490566527,0.22957384962337132,0.2935580499723169,-2.586020478557306,4.24814234454316,0.0
1790323430.2318933,2.724598919451938,-0.7947955427301961,-0.9999359626791181,-0.7048028000840781,0.2396143766095669,0.3063969579210989,-2.548711077173125,4.289844189586964,0.0
1790323430.251854,2.7102180835991287,-0.7899064375541324,-0.9936842219693228,-0.7342347056716725,0.24962044881722806,0.3191918082491398,-2.5092594098015257,4.332835850636983,0.0
1790323430.2717965,2.695299421022487,-0.784834485466649,-0.9871986733460921,-0.7634748545292446,0.25956132879052307,0.3319032967081122,-2.467681562981791,4.376968883611953,0.0
1790323430.2918565,2.6797249198348148,-0.7795395655363596,-0.9804280138304489,-0.792715738776475,0.2695024587769204,0.3446151048609822,-2.42357540021882,4.422524936953035,0.0
1790323430.3125746,2.6632467351563442,-0.7739374170362145,-0.9732644985082295,-0.8223424537399019,0.27957476103806916,0.35749464412630094,-2.376138735738778,4.470137323898253,0.0
1790323430.3318145,2.6469300360404766,-0.7683901693713243,-0.9661711853547923,-0.8504556676237168,0.2891325128212036,0.36971622328341913,-2.328393779033126,4.516676147120954,0.0
1790323430.351984,2.629483750026612,-0.7624588919319246,-0.9585868100358635,-0.8792713413801622,0.2989290824473623,0.3822431808641331,-2.276502079548371,4.565754760010239,0.0
1790323430.3717878,2.611729577848254,-0.7564229413110862,-0.9508685882223189,-0.9073720074895061,0.3084825683178793,0.3944593051622097,-2.2228126849138174,4.61496090907259,0.0
1790323430.3917801,2.593296085724608,-0.7501560398126559,-0.9428550475413313,-0.9353342337401748,0.3179889882850962,0.40661524588617437,-2.166139917349095,4.665245027085444,0.0
1790323430.4123127,2.574062507300262,-0.7436171300586494,-0.9344936875716299,-0.9632819010627947,0.32749045860048404,0.418764857447905,-2.106012393868866,4.716819421207267,0.0
1790323430.4318833,2.554689053062391,-0.7370306662145392,-0.9260715197791649,-0.9902479543944834,0.3366582060298673,0.4304877346938267,-2.044435753608794,4.767828627671075,0.0
1790323430.4519076,2.534613633979983,-0.7302055528239096,-0.917344188765288,-1.0170157049926745,0.3457585357562259,0.44212440434482414,-1.9795737198839767,4.819669991224481,0.0
1790323430.4718056,2.5140642462125093,-0.723219302572032,-0.9084108106652807,-1.0432513147873994,0.3546779516342345,0.45352973790670803,-1.9120878633250253,4.871642471097476,0.0
1790323430.491938,2.492943367028105,-0.716038760300331,-0.8992289896935869,-1.069060806453834,0.36345249857917405,0.4647498263217118,-1.8415943625691278,4.923884988892375,0.0
1790323430.5123985,2.471092257143309,-0.7086099588360802,-0.8897297175637052,-1.094598877601146,0.372134769701031,0.47585192085052963,-1.767480654688732,4.976654714872117,0.0
1790323430.5318716,2.4491306384973774,-0.7011435873055556,-0.880182404267938,-1.119137864132396,0.38047737838478557,0.4865196861073431,-1.691805064142016,5.028354929411984,0.0
1790323430.552169,2.4263636595375684,-0.6934034144939734,-0.8702849789264,-1.1434445883657987,0.3887410240086575,0.4970864806224234,-1.612125930991762,5.0805093145729145,0.0
1790323430.57173,2.403547617955981,-0.6856465616840557,-0.8603662247279693,-1.1667045627200694,0.39664880226122434,0.5071982244784653,-1.5310500273270986,5.131275867059417,0.0
1790323430.5919802,2.3798761877373984,-0.6775988992817413,-0.850075609810222,-1.1897289104516222,0.40447647367212086,0.5172075350291949,-1.4456710259755625,5.182328884952128,0.0
1790323430.6120381,2.355779976363918,-0.6694068224820746,-0.839600330964313,-1.2120605590732354,0.41206864564205825,0.5269157104255029,-1.357473887559533,5.232576259296988,0.0
1790323430.6319206,2.3314016144152783,-0.6611188219230688,-0.8290023935848478,-1.2335678963279957,0.4193805734723909,0.5362655352375717,-1.2669617708031138,5.281612943039263,0.0
1790323430.6521916,2.3063205646989484,-0.6525919260427246,-0.8180989787096026,-1.25460297672728,0.4265319464184196,0.5454100571424187,-1.1725362597929712,5.330141953227899,0.0
1790323430.6718853,2.2811816676882524,-0.6440453636068895,-0.8071704160412217,-1.2746191958763569,0.43333693339195944,0.554111652334191,-1.0766091088448335,5.376795069713101,0.0
1790323430.6917999,2.255568128493264,-0.6353374353378194,-0.7960355134982677,-1.293955892312628,0.4399109005522954,0.5625178405099622,-0.9775954037298029,5.422249088484311,0.0
1790323430.7120755,2.229362730943123,-0.6264282908267111,-0.78464331402131,-1.3126745432579057,0.44627474853458166,0.5706553474911147,-0.8750117708499994,5.466546773168049,0.0
1790323430.7317631,2.203129763287488,-0.6175097732063581,-0.7732391290691925,-1.3303710056499929,0.45229107934905743,0.5783484812900352,-0.7710740604274386,5.50862207652467,0.0
1790323430.7517111,2.176413498574928,-0.6084269473241788,-0.761624841733832,-1.3473567607998622,0.4580657884322125,0.5857326513093538,-0.6639956891085783,5.54910554234084,0.0
1790323430.7717087,2.149276948746227,-0.5992012355793289,-0.7498278450207136,-1.3635714349850339,0.46357835030958255,0.5927816114488789,-0.5540256259681962,5.587746830855318,0.0
1790323430.791757,2.121825002618328,-0.5898682974051741,-0.7378937369530404,-1.378940610378396,0.46880346488126734,0.599463010253935,-0.4416019991649476,5.624261513431433,0.0
1790323430.811804,2.094069908659912,-0.5804322969582512,-0.7258278422734812,-1.393451016921938,0.4737366206772821,0.6057710788691694,-0.3268006548703746,5.6585126147194185,0.0
1790323430.8317878,2.0660895225818567,-0.570919703128334,-0.7136640069783443,-1.4070590673239163,0.47836299916719816,0.6116868687126628,-0.20997943636757088,5.690295226915238,0.0
1790323430.851749,2.037808213963678,-0.5613048035657341,-0.7013693524656155,-1.4197973112248472,0.4826936663709296,0.6172245299989639,-0.09086314539483609,5.719585939519579,0.0
1790323430.8717623,2.009305396824398,-0.5516145969439239,-0.6889784021705614,-1.431624450928824,0.4867145821602888,0.6223661094957736,0.030168464830537145,5.746193299637717,0.0
1790323430.8919303,1.9803582025791786,-0.5417733138178682,-0.6763942690541375,-1.442618478006137,0.490452261613669,0.6271455122611842,0.15401843418280037,5.770193154856296,0.0
1790323430.912062,1.9514232965927538,-0.5319362083759396,-0.663815477978228,-1.4526022711017927,0.4938464881384913,0.6314857388219436,0.27867385720811,5.791111295233658,0.0
1790323430.9317892,1.9224437762554827,-0.522083935230556,-0.6512172918298569,-1.4616109059389704,0.4969091865561991,0.6354020375494799,0.4042999291284127,5.808957932716837,0.0
1790323430.9517882,1.8931906594033392,-0.5121386464808844,-0.6385001658307291,-1.4697145709866568,0.49966421909639686,0.6389249212813926,0.5318184964371159,5.823798805475439,0.0
1790323430.9718385,1.863606426156272,-0.5020807868836719,-0.6256390945236228,-1.476912169497712,0.5021112128939622,0.6420539132318525,0.6614154841981694,5.835541828132459,0.0
1790323430.9920194,1.8337944563796988,-0.49194550286853356,-0.6126790199494467,-1.4831624135139645,0.5042361311312811,0.6447710644018193,0.7925662542780898,5.84403257860108,0.0
1790323431.012229,1.804068579967589,-0.4818394883282805,-0.5997563725037747,-1.4884028231751554,0.5060177323025522,0.6470492130956917,0.9238032624891045,5.8491398355258575,0.0
1790323431.032417,1.7739580572871214,-0.4716027041943245,-0.5866665088573633,-1.4927102810905364,0.507482154468643,0.6489217822760192,1.0571181866322503,5.8508778607614325,0.0
1790323431.052087,1.744308287472627,-0.4615225638914345,-0.5737769470208635,-1.4959746464581019,0.5085919526596855,0.6503408907387632,1.1886741901164033,5.84919790502592,0.0
1790323431.0718403,1.714580417734448,-0.451415871672853,-0.5608534330221021,-1.4982794683019947,0.5093755313419136,0.6513428595184483,1.3207643039429964,5.844124683780709,0.0
1790323431.0922453,1.6841100268458367,-0.441056741832629,-0.5476071248720443,-1.4996397029206348,0.5098379752626093,0.6519341905250229,1.4562518266524886,5.835395253492919,0.0
1790323431.111998,1.6545432935195732,-0.4310048317472707,-0.5347536612567596,-1.4999919267486401,0.5099577220811016,0.6520873118085866,1.5877223957946567,5.823503961762584,0.0
1790323431.1317573,1.6247695611667226,-0.42088254744843234,-0.521810209531281,-1.499384060409531,0.5097510635464162,0.6518230557683106,1.7200209996182434,5.808122257212958,0.0
1790323431.1519954,1.5945770359355664,-0.41061788460845916,-0.5086846971444422,-1.4977802436470542,0.5092058081165413,0.6511258329748892,1.853990107395331,5.789032900917515,0.0
1790323431.171847,1.5648088004786898,-0.40049746910937856,-0.4957436350692377,-1.4952229452443453,0.5083363940584578,0.6500141057641106,1.9857943013271906,5.766772779947899,0.0
1790323431.1918688,1.5348763261466516,-0.39032121672133807,-0.48273117388535214,-1.4916701813655515,0.5071285479744799,0.6484696226199679,2.11794830116617,5.740952430949493,0.0
1790323431.2120388,1.5050013487704241,-0.38016451178291316,-0.4697437081928977,-1.4871371815437653,0.5055874475044775,0.646499004234958,2.2493767994614,5.711752977957357,0.0
1790323431.231756,1.4755479901744406,-0.3701511461178042,-0.4569395316582813,-1.481695490409463,0.5037374159372191,0.6441333530069868,2.378397508210968,5.679622997115401,0.0
1790323431.2517462,1.4459319997893092,-0.36008248993062436,-0.44406465465900946,-1.4752409788256933,0.5015430521105151,0.6413274011664186,2.507485831719674,5.643982374980529,0.0
1790323431.2717016,1.4165440757820984,-0.3500913703011378,-0.43128892432088994,-1.4678514301132728,0.499030800303426,0.638114963239632,2.6348513968471825,5.605327812841488,0.0
1790323431.291844,1.3871553013816982,-0.34009996156037936,-0.41851282429370795,-1.459468307620816,0.4961807595972426,0.6344705917512352,2.761406021976565,5.563414210981532,0.0
1790323431.3118372,1.3580829619362094,-0.3302161323644943,-0.4058742871529861,-1.4501840801146675,0.4930243669354629,0.6304344853904319,2.8857101828909144,5.518766288448739,0.0
1790323431.3319116,1.3291250604250795,-0.3203712090502241,-0.39328549929668,-1.439940503150847,0.4895418207421941,0.6259813237123415,3.0085628539568896,5.471166376616155,0.0
1790323431.3519416,1.3003785550007079,-0.31059815483400566,-0.38078861107228723,-1.428771197833749,0.48574455130683,0.6211257227260195,3.1294867847020544,5.420850257182266,0.0
1790323431.3719823,1.271921492569192,-0.30092350360694775,-0.3684175515938811,-1.4167133986714793,0.48164521738079286,0.615883869285451,3.2481011358678806,5.368059587976759,0.0
1790323431.391783,1.2437980416029129,-0.2913622714855788,-0.35619152209842064,-1.403797782890669,0.4772542484126242,0.6102690996159124,3.3641812849330015,5.313000281413085,0.0
1790323431.4122782,1.215586321756139,-0.28177103027121064,-0.34392711971843193,-1.389820703058216,0.47250240964229606,0.6041928826361088,3.4794085899484513,5.2549125862343855,0.0
1790323431.4318368,1.1882372062637427,-0.27247305180297554,-0.33203771492647693,-1.3752707697215187,0.4675558157783563,0.5978676306481954,3.5898789686235126,5.195899483701327,0.0
1790323431.4522567,1.1607074599727463,-0.2631136636238286,-0.3200697850106271,-1.3596038345358088,0.46222947072487675,0.5910567875580772,3.6997839845208684,5.133840815181579,0.0
1790323431.471943,1.1337622216251488,-0.25395299274044736,-0.30835595660475534,-1.3432496024620633,0.45666946284350735,0.5839471578064168,3.8060327077551777,5.07055003545198,0.0
1790323431.4918118,1.107157880759476,-0.24490821801640228,-0.29679032561156726,-1.3260824508695508,0.45083308375064457,0.5764841298169016,3.9095919189508903,5.00561624834003,0.0
1790323431.5118046,1.0808489778359718,-0.23596388440628469,-0.2853531295319809,-1.308077541631873,0.444711889137934,0.5686569057800336,4.010628193910679,4.939046979957221,0.0
1790323431.5320098,1.0548241695850766,-0.2271161354974014,-0.27403943713801904,-1.2892267538422375,0.43830311811109657,0.5604619553166252,4.109174522640019,4.870922663662985,0.0
1790323431.552334,1.0290282240458677,-0.2183461938787039,-0.2628252375931689,-1.2694839168548526,0.4315910738674128,0.5518792067904484,4.205427872317533,4.801197756418661,0.0
1790323431.5719707,1.0039555012234869,-0.20982212892284313,-0.251925442645334,-1.2492470191570129,0.4247110620033836,0.5430816766279138,4.297572382021773,4.731360336114814,0.0
1790323431.5917785,0.9792916824539744,-0.20143708056809329,-0.241203409417324,-1.2282924343026254,0.4175870554211206,0.5339721483270643,4.386811835634371,4.6607042779044345,0.0
1790323431.6121283,0.9546925868051424,-0.19307403636856568,-0.2305095130912692,-1.2063144045064704,0.4101151045320437,0.5244177006576768,4.474387870926279,4.588330736744323,0.0
1790323431.631764,0.9310412188053918,-0.1850331945919047,-0.22022761976602778,-1.1841229330259389,0.40257058909563764,0.5147704640794217,4.557204017852314,4.51698308319024,0.0
1790323431.6520488,0.9074285561704056,-0.177005511619165,-0.20996255271618924,-1.1608830310461513,0.3946696349213779,0.5046674462308236,4.6384915057448435,4.4440579532226145,0.0
1790323431.6717389,0.8846289305795612,-0.16925423981344845,-0.20005093499568427,-1.1373653306543445,0.38667423660854333,0.4944436618524275,4.715624794579644,4.372065290988193,0.0
1790323431.6918497,0.8620600184313183,-0.16158140449765213,-0.19023961468738648,-1.1129897846499717,0.37838719339637267,0.48384694864056915,4.790633995120285,4.299301043865796,0.0
1790323431.71317,0.8391585341053136,-0.15379550340651738,-0.1802837162026918,-1.0870809808890527,0.36957888295672686,0.4725836865553827,4.865350324535709,4.2239671222684185,0.0
1790323431.7328444,0.8177528343686142,-0.14651812965361954,-0.17097807598571946,-1.061735249239323,0.36096200219484725,0.4615652072405512,4.933885383990436,4.152215469817207,0.0
1790323431.7524588,0.7972209713316358,-0.13953783734823766,-0.162052316362982,-1.0363396997692191,0.35232818468701327,0.45052507076344533,4.998417262508621,4.082201254726332,0.0
1790323431.7720761,0.7769208492850486,-0.1326363308719425,-0.15322730085543934,-1.0101247715341892,0.3434157999942284,0.43912872803839526,5.061038638371732,4.0118519875220455,0.0
1790323431.7920895,0.7570013490363929,-0.12586422577547252,-0.14456775200181882,-0.9832661014135397,0.33428456002646195,0.4274525331966727,5.121323171944053,3.9417551221721503,0.0
1790323431.8118334,0.7376822009428978,-0.11929622458918543,-0.13616919256821847,-0.9560729356011408,0.32503960033929663,0.415630923974676,5.178672333571875,3.8727814840278514,0.0
1790323431.8318672,0.7188024151301002,-0.11287759499872974,-0.12796163587498022,-0.9283359412203069,0.31560975327172863,0.4035728976740593,5.233636525488926,3.8044539038992187,0.0
1790323431.8530054,0.7000230908857472,-0.10649311969383202,-0.11979775255953751,-0.8995253675527152,0.3058149175413648,0.39104815724076536,5.287232788018164,3.7356035149786178,0.0
1790323431.872559,0.6825173386058356,-0.10054162529123867,-0.11218752563642465,-0.871490428120343,0.29628377700875985,0.37886060611787487,5.336214967612815,3.6706424284928265,0.0
1790323431.8920357,0.6657351344668552,-0.09483611818710025,-0.10489184478104052,-0.8434650141382009,0.28675587487818527,0.36667719596742787,5.382274057819827,3.6076740014457593,0.0
1790323431.9125898,0.6488413657072818,-0.08909268205230003,-0.0975476637489302,-0.8140266119534573,0.27674759399871435,0.35387952139180584,5.427740305225914,3.5436162825180677,0.0
1790323431.932309,0.6328418571366381,-0.08365327081307561,-0.09059224195762494,-0.7849172748762997,0.26685118658315243,0.34122490037373243,5.4699588085213335,3.4823415188617277,0.0
1790323431.9528644,0.6170924705803378,-0.07829889446664107,-0.08374555501285363,-0.7549922043214281,0.2566774512842185,0.32821565781326995,5.510709704331491,3.4214588852770356,0.0
1790323431.9719822,0.6027892485325048,-0.07343617593871965,-0.07752755513628795,-0.7266240835451313,0.24703303787583478,0.3158832636928738,5.547017649234165,3.3656900297356995,0.0
1790323431.991888,0.5885942700467934,-0.0686102573691082,-0.07135661168195062,-0.6972448388381167,0.23704486897966776,0.30311130648275064,5.582385031073661,3.309903471458919,0.0
1790323432.0131614,0.5743773591275447,-0.0637768823501339,-0.06517613360187857,-0.6664757536106323,0.22658419093646076,0.28973514777482323,5.617136566340696,3.253600240231243,0.0
1790323432.032286,0.5618207631426984,-0.059507970650452324,-0.05971743960812259,-0.6380663123957079,0.21692572966796383,0.2773847905352482,5.647267167836007,3.2035210108400345,0.0
1790323432.0520854,0.5493337095181916,-0.055262701520463864,-0.0542889775709543,-0.6085435844368178,0.2068887802477297,0.26455045725073656,5.676703769643721,3.153398546877348,0.0
1790323432.0721498,0.5375428923244971,-0.05125413442730331,-0.0491631884578565,-0.5793759604179598,0.19697255680817025,0.2518704973128669,5.704013290970552,3.105782679897675,0.0
1790323432.0923128,0.5261945091291542,-0.04739598323302008,-0.04422973744437986,-0.5499804655546555,0.18697886328714544,0.2390914757175678,5.729849571572538,3.059694098778671,0.0
1790323432.1126962,0.5152249043002768,-0.04366660670044775,-0.03946095169499886,-0.5201816694219389,0.17684805796372066,0.22613712808488784,5.7544028732600685,3.014906284421328,0.0
1790323432.1319327,0.5053800454799973,-0.04031961416757324,-0.03518112364474657,-0.4921313014658722,0.1673116721396858,0.21394286976287066,5.776084641829373,2.9745153066092986,0.0
1790323432.1521945,0.4958120379494484,-0.03706674377665731,-0.03102165038445759,-0.46352660220654085,0.15758682828221082,0.20150762853757828,5.796834171124252,2.93508603019303,0.0
1790323432.1718376,0.48685971707109,-0.03402319062076642,-0.02712983286736592,-0.4353971236707821,0.14802354694607825,0.18927897869362875,5.81595927455037,2.8980409938854255,0.0
1790323432.192215,0.4783374206971951,-0.03112583446288908,-0.02342495870518624,-0.4072109687971079,0.13844099714878677,0.17702569010317976,5.833904792501995,2.8626401441405873,0.0
1790323432.2124398,0.47043194716443804,-0.028438181814334107,-0.019988234218459633,-0.3796457884926298,0.12906956233893657,0.16504235605735712,5.850323023065661,2.82968531029372,0.0
1790323432.2321742,0.46314610814690305,-0.02596118857018692,-0.016820881718428105,-0.35283319688453224,0.11995398785101628,0.15338619279903598,5.865258990011883,2.7992158513450733,0.0
1790323432.2518055,0.4564542810902559,-0.023686143737268628,-0.013911762383422177,-0.32681247785282896,0.11110762916888492,0.14207427809994222,5.878811558615743,2.7711491390871457,0.0
1790323432.2717824,0.4501904266329495,-0.02155659830870138,-0.011188694384330677,-0.301027294673267,0.1023413464688202,0.13086475724572086,5.891353206411766,2.744807664339539,0.0
1790323432.2925649,0.4442356632973947,-0.019532135715283228,-0.008599996707566948,-0.274984205779046,0.09348738262300138,0.11954311775861019,5.9031463649616445,2.719704215743208,0.0
1790323432.312423,0.4391007551227406,-0.017786402268891832,-0.00636771238104239,-0.25108178185631974,0.08536118844922906,0.1091520835913365,5.9132141348660845,2.6980091915612343,0.0
1790323432.3322096,0.4343317681817398,-0.016165072397911207,-0.0042945039730823975,-0.22742036053088271,0.07731692880679496,0.09886581981182475,5.922479916704736,2.677820919382305,0.0
1790323432.3529677,0.42991159353854647,-0.014662329515068184,-0.0023729337636666514,-0.20393688426323991,0.06933316579418275,0.08865691359158878,5.930995131027294,2.6590758006619315,0.0
1790323432.3724298,0.4261132743283653,-0.013371001090148327,-0.0007217010343500974,-0.1822622105653039,0.06196434798340339,0.07923434307372504,5.938256285624895,2.642942362839596,0.0
1790323432.3921008,0.4227024300855655,-0.012211403942047783,0.0007610857817803574,-0.16130029984575744,0.05483785080006311,0.07012163001992257,5.944732460128186,2.6284348104820108,0.0
1790323432.4125743,0.41961825359005767,-0.01116286521853993,0.0021018612381245028,-0.14076554130612634,0.04785657410009156,0.06119461164338277,5.9505522881666275,2.6153005768364124,0.0
1790323432.432093,0.4170400250879509,-0.010286335478283837,0.003222687332709917,-0.12207763648551975,0.04150317898986443,0.053070470839359514,5.95539105140887,2.604309293069467,0.0
1790323432.4519284,0.4147912193210326,-0.009521800785896373,0.004200304399294863,-0.10424668019078355,0.035441123793139954,0.045318868880798197,5.959591953026347,2.594713743294763,0.0
1790323432.4718394,0.41287789157835864,-0.008871319780066167,0.005032080038936959,-0.08751812617617817,0.02975385631731415,0.0380465111945313,5.963151763971101,2.5865433587864954,0.0
1790323432.4919393,0.41127827039818277,-0.008327490737597087,0.005727478898551963,-0.07195350042970858,0.024462293776761502,0.03128014480193214,5.966117745690583,2.5797081486699303,0.0
1790323432.5128279,0.4099462649755776,-0.007874643999559172,0.006306537905371945,-0.057344846328169295,0.019495736400389627,0.024929365299496478,5.96858045025761,2.574013397099555,0.0
1790323432.5332298,0.4089302934171415,-0.007529240446113139,0.006748208390793042,-0.0446126371259453,0.01516712083517117,0.01939432746095344,5.970454528141026,2.5696679226616594,0.0
1790323432.552103,0.40817364477251283,-0.007271999848780797,0.00707714414828664,-0.033636246877773605,0.011435437438871897,0.01462259190514489,5.971847824076393,2.566430565482224,0.0
1790323432.5719197,0.4076053801531381,-0.007078804855082499,0.007324184243260534,-0.023886909652210873,0.008120919730683197,0.010384289691670429,5.972892864057766,2.5639986305806524,0.0
1790323432.5920756,0.40721194211893996,-0.006945046292704982,0.007495222463872464,-0.015626322290876262,0.00531253773960862,0.006793187559481865,5.9736157114843325,2.562314585340806,0.0
1790323432.6118474,0.4069691298643878,-0.006862496525591788,0.007600779558895265,-0.009085880363383581,0.0030889598607745992,0.0039498794599619625,5.974061540236477,2.5612751480329923,0.0
1790323432.6319215,0.406838647144355,-0.006818135839715911,0.007657503948291344,-0.00421947825537643,0.001434511400435746,0.0018343220278173376,5.974301031848642,2.560716536130019,0.0
1790323432.652898,0.4067874068227546,-0.006800715480835273,0.00767977951056098,-0.001142904990365423,0.00038855757490989637,0.0004968519026868709,5.974395062870833,2.560497163026474,0.0
1790323432.672188,0.40677909893689357,-0.0067978910186008434,0.007683391174638343,-8.07849646946579e-06,2.74647588693279e-06,3.5119422660145194e-06,5.97441030775995,2.5604615944278284,0.0
1790323432.6918995,0.4067790940440932,-0.0067978893551776665,0.0076833933016717815,-0.0,0.0,0.0,5.974410316738117,2.5604615734802225,0.0
1790323432.7125146,0.4067790940440932,-0.0067978893551776665,0.0076833933016717815,-0.0,0.0,0.0,5.974410316738117,2.5604615734802225,0.0
1790323432.7318404,0.4067790940440932,-0.0067978893551776665,0.0076833933016717815,-0.0,0.0,0.0,5.974410316738117,2.5604615734802225,0.0
1790323432.751922,0.4067790940440932,-0.0067978893551776665,0.0076833933016717815,-0.0,0.0,0.0,5.974410316738117,2.5604615734802225,0.0
1790323432.7717645,0.4067790940440932,-0.0067978893551776665,0.0076833933016717815,-0.0,0.0,0.0,5.974410316738117,2.5604615734802225,0.0
1790323432.791801,0.4067790940440932,-0.0067978893551776665,0.0076833933016717815,-0.0,0.0,0.0,5.974410316738117,2.5604615734802225,0.0
1790323432.8123384,0.4067790940440932,-0.0067978893551776665,0.0076833933016717815,-0.0,0.0,0.0,5.974410316738117,2.5604615734802225,0.0
1790323432.8318143,0.4067790940440932,-0.0067978893551776665,0.0076833933016717815,-0.0,0.0,0.0,5.974410316738117,2.5604615734802225,0.0
1790323432.8519135,0.4067790940440932,-0.0067978893551776665,0.0076833933016717815,0.0,0.0,0.0,5.974410316738117,2.5604615734802225,0.0
1790323432.8715816,0.4067790940440932,-0.0067978893551776665,0.0076833933016717815,0.0,0.0,0.0,5.974410316738117,2.5604615734802225,0.0
1790323432.8916996,0.4067790940440932,-0.0067978893551776665,0.0076833933016717815,0.0,0.0,0.0,5.974410316738117,2.5604615734802225,0.0
1790323432.9118757,0.40677917478759706,-0.006798011123867922,0.007683350955154854,2.9311735141032366e-05,-4.420481433229984e-05,-1.5372752342859487e-05,5.974410302430417,2.560461605561714,0.0
1790323432.9318337,0.40678233933688607,-0.006802783557607959,0.007681691284300752,0.0003421981256944925,-0.0005160665016384722,-0.00017946829190361118,5.974409741650071,2.5604628629089614,0.0
1790323432.9518292,0.4067950274443104,-0.0068219184000259106,0.007675036914226951,0.000983528102213228,-0.0014832515693713963,-0.0005158184551279359,5.9744074927558035,2.5604679039786187,0.0
1790323432.9717622,0.4068238608029425,-0.006865401778228498,0.007659915049917912,0.0019483558695376781,-0.002938301299863829,-0.001021829383830345,5.974402379395576,2.560479358453782,0.0
1790323432.991921,0.4068752367259898,-0.006942881433681432,0.007632970574007791,0.0032265707676190133,-0.004865967880317071,-0.001692198468929334,5.974393258614282,2.560499764127338,0.0
1790323433.012144,0.4069553727494337,-0.007063733987125351,0.0075909426546022325,0.004808533744457674,-0.007251714726597505,-0.0025218704396094346,5.974379007284236,2.560531582185181,0.0
1790323433.031893,0.40706961546475284,-0.007236022594237931,0.0075310272329758,0.0066743492473869525,-0.01006553750059827,-0.003500410928802372,5.9743586382734994,2.5605769198728465,0.0
1790323433.052503,0.4072277201597141,-0.007474459133466992,0.0074481080776208465,0.008869384707428849,-0.013375854494699937,-0.004651613215144752,5.974330347686469,2.56063962082521,0.0
1790323433.0721998,0.4074261635333902,-0.007773730140339158,0.007344033009293223,0.011263585137952406,-0.01698653073056192,-0.005907269016499331,5.974294672837603,2.560718247686543,0.0
1790323433.0918777,0.40767584359218234,-0.008150270818954027,0.007213086489399595,0.013927361073603465,-0.021003751822788127,-0.007304305649049577,5.9742495241329445,2.5608170622925863,0.0
1790323433.1121407,0.4079839486435835,-0.008614921803500071,0.007051498557877103,0.016867595989813453,-0.025437898690554548,-0.008846333201470085,5.9741934069192215,2.56093882563024,0.0
1790323433.1317914,0.4083499503393483,-0.009166886295835442,0.006859546310799712,0.020023224653245585,-0.030196879300113506,-0.010501325568710147,5.9741261650000705,2.56108322016745,0.0
1790323433.1523602,0.4087916719354751,-0.009833043418551117,0.006627882212134847,0.02349025673878945,-0.03542548514306993,-0.012319635721943072,5.974044173661051,2.5612571266187047,0.0
1790323433.1724343,0.4092966140026416,-0.010594542873300746,0.00636306167835568,0.027122886200804715,-0.040903827183682795,-0.01422479462175731,5.973949324624426,2.561455439297333,0.0
1790323433.1915789,0.4092966140026416,-0.010594542873300746,0.00636306167835568,0.0,0.0,0.0,5.973949324624426,2.561455439297333,0.0
1790323433.211756,0.4092966140026416,-0.010594542873300746,0.00636306167835568,0.0,0.0,0.0,5.973949324624426,2.561455439297333,0.0
1790323433.2315555,0.4092966140026416,-0.010594542873300746,0.00636306167835568,0.0,0.0,0.0,5.973949324624426,2.561455439297333,0.0
1790323433.2516987,0.4092966140026416,-0.010594542873300746,0.00636306167835568,0.0,0.0,0.0,5.973949324624426,2.561455439297333,0.0
1790323433.2716,0.4092966140026416,-0.010594542873300746,0.00636306167835568,0.0,0.0,0.0,5.973949324624426,2.561455439297333,0.0
1790323433.291645,0.4092966140026416,-0.010594542873300746,0.00636306167835568,0.0,0.0,0.0,5.973949324624426,2.561455439297333,0.0
1790323433.3119597,0.4092966140026416,-0.010594542873300746,0.00636306167835568,0.0,0.0,0.0,5.973949324624426,2.561455439297333,0.0
1790323433.331715,0.4092966140026416,-0.010594542873300746,0.00636306167835568,0.0,0.0,0.0,5.973949324624426,2.561455439297333,0.0
1790323433.351945,0.4092966140026416,-0.010594542873300746,0.00636306167835568,0.0,0.0,0.0,5.973949324624426,2.561455439297333,0.0
1790323433.371726,0.4092966140026416,-0.010594542873300746,0.00636306167835568,0.0,0.0,0.0,5.973949324624426,2.561455439297333,0.0
1790323433.391934,0.4092966140026416,-0.010594542873300746,0.00636306167835568,0.0,0.0,0.0,5.973949324624426,2.561455439297333,0.0
1790323433.4121134,0.4092966140026416,-0.010594542873300746,0.00636306167835568,0.0,0.0,0.0,5.973949324624426,2.561455439297333,0.0
1790323433.431578,0.4092966140026416,-0.010594542873300746,0.00636306167835568,0.0,0.0,0.0,5.973949324624426,2.561455439297333,0.0
1790323433.4516969,0.4092966140026416,-0.010594542873300746,0.00636306167835568,0.0,0.0,0.0,5.973949324624426,2.561455439297333,0.0
1790323433.4720573,0.4092966140026416,-0.010594542873300746,0.00636306167835568,0.0,0.0,0.0,5.973949324624426,2.561455439297333,0.0
1790323433.491844,0.4092966140026416,-0.010594542873300746,0.00636306167835568,0.0,0.0,0.0,5.973949324624426,2.561455439297333,0.0
1790323433.5123086,0.4092966140026416,-0.010594542873300746,0.00636306167835568,0.0,0.0,0.0,5.973949324624426,2.561455439297333,0.0
1790323433.5317645,0.4092966140026416,-0.010594542873300746,0.00636306167835568,0.0,0.0,0.0,5.973949324624426,2.561455439297333,0.0
1790323433.5519166,0.4092966140026416,-0.010594542873300746,0.00636306167835568,0.0,0.0,0.0,5.973949324624426,2.561455439297333,0.0
1790323433.5716743,0.4092966140026416,-0.010594542873300746,0.00636306167835568,0.0,0.0,0.0,5.973949324624426,2.561455439297333,0.0
1790323433.5919502,0.4092966140026416,-0.010594542873300746,0.00636306167835568,0.0,0.0,0.0,5.973949324624426,2.561455439297333,0.0
1790323433.6118941,0.4092966140026416,-0.010594542873300746,0.00636306167835568,0.0,0.0,0.0,5.973949324624426,2.561455439297333,0.0
1790323433.6316772,0.4092966140026416,-0.010594542873300746,0.00636306167835568,0.0,0.0,0.0,5.973949324624426,2.561455439297333,0.0
1790323433.6523094,0.4092966140026416,-0.010594542873300746,0.00636306167835568,0.0,0.0,0.0,5.973949324624426,2.561455439297333,0.0
1790323433.6719198,0.4092966140026416,-0.010594542873300746,0.00636306167835568,0.0,0.0,0.0,5.973949324624426,2.561455439297333,0.0
1790323433.6917508,0.4092966140026416,-0.010594542873300746,0.00636306167835568,0.0,0.0,0.0,5.973949324624426,2.561455439297333,0.0
1790323433.7121432,0.4092966140026416,-0.010594542873300746,0.00636306167835568,0.0,0.0,0.0,5.973949324624426,2.561455439297333,0.0
