timestamp,q1,q2,q3,dq1,dq2,dq3,x,y,min_y
1790323434.2204905,0.5235987755982988,-0.3490658503988659,-0.17453292519943295,0.0,0.0,0.0,6.067691717377732,1.8472963553338604,0.0
1790323434.2406912,0.5235987755982988,-0.3490658503988659,-0.17453292519943295,0.0,0.0,0.0,6.067691717377732,1.8472963553338604,0.0
1790323434.261104,0.5235987755982988,-0.3490658503988659,-0.17453292519943295,0.0,0.0,0.0,6.067691717377732,1.8472963553338604,0.0
1790323434.2809315,0.5235987755982988,-0.3490658503988659,-0.17453292519943295,0.0,0.0,0.0,6.067691717377732,1.8472963553338604,0.0
1790323434.3090715,0.5235987755982988,-0.3490658503988659,-0.17453292519943295,0.0,0.0,0.0,6.067691717377732,1.8472963553338604,0.0
1790323434.3305318,0.5235987755982988,-0.3490658503988659,-0.17453292519943295,0.0,0.0,0.0,6.067691717377732,1.8472963553338604,0.0
1790323434.342474,0.5235987755982988,-0.3490658503988659,-0.17453292519943295,0.0,0.0,0.0,6.067691717377732,1.8472963553338604,0.0
1790323434.3770149,0.5235987755982988,-0.3490658503988659,-0.17453292519943295,0.0,0.0,0.0,6.067691717377732,1.8472963553338604,0.0
1790323434.3893206,0.5235987755982988,-0.3490658503988659,-0.17453292519943295,0.0,0.0,0.0,6.067691717377732,1.8472963553338604,0.0
1790323434.4247744,0.5235987767544125,-0.3490658514171432,-0.17453292608369747,7.196537321143672e-08,-6.338538595105703e-08,-5.5043406803121266e-08,6.067691715595692,1.8472963574893742,0.0
1790323434.4258509,0.5235988241312014,-0.34906589314548997,-0.17453296232028936,5.736392925254373e-06,-5.052478196713335e-06,-4.387535205961337e-06,6.067691642568821,1.8472964458209153,0.0
1790323434.4407272,0.523604430322582,-0.3490708309452686,-0.1745372502695936,0.0005446406465380577,-0.0004797065032870935,-0.00041657362777056426,6.0676830010998035,1.847306898247228,0.0
1790323434.4608371,0.5236568561771815,-0.34911700638874976,-0.1745773486878411,0.0036818657929811663,-0.003242899655671865,-0.002816110402510522,6.067602186140974,1.8474046409945348,0.0
1790323434.4810264,0.5238187515926327,-0.3492596000128907,-0.17470117595075765,0.010290004925941149,-0.009063191139342548,-0.007870409065172088,6.06735256639731,1.8477064526451916,0.0
1790323434.5006516,0.524157888300165,-0.34955830354363276,-0.1749605679176716,0.02066019932792896,-0.01819701125836026,-0.01580215182102244,6.066829389551384,1.8483385564087433,0.0
1790323434.52114,0.5247740723302277,-0.35010102375432867,-0.17543186218924126,0.03559085655286561,-0.031347578361050475,-0.02722200835343958,6.065877862772861,1.8494865945735515,0.0
1790323434.5412657,0.5257439368088888,-0.35095525727633636,-0.1761736723477183,0.05470739644916204,-0.04818497117572402,-0.04184347743701907,6.064377674609827,1.851292429861824,0.0
1790323434.5626771,0.5271755475536402,-0.3522161859066142,-0.17726865357118532,0.07831723000578693,-0.06897994997620087,-0.05990168531822291,6.0621576733959825,1.8539554161163943,0.0
1790323434.580932,0.5290529397412715,-0.3538697482093023,-0.17870459501132657,0.10451323273585368,-0.0920527649590967,-0.0799379495223554,6.059236316421484,1.8574429151481946,0.0
1790323434.6011088,0.5315566416614715,-0.3560749492001692,-0.18061957546381915,0.13497629238687547,-0.11888390199872678,-0.10323791318183255,6.055322591513202,1.8620855436775383,0.0
1790323434.622685,0.5347779171343946,-0.3589121718772912,-0.1830833989377608,0.16927093774461582,-0.14908980842638855,-0.12946850195734985,6.050257307522732,1.8680447304226113,0.0
1790323434.6413033,0.5385648785053806,-0.36224763721375824,-0.18597989270216364,0.2045042636134199,-0.18012248228047778,-0.15641704953432037,6.044259596283098,1.8750301050611229,0.0
1790323434.6638894,0.5433779217387419,-0.3664868510042104,-0.18966119503073808,0.24483337636521288,-0.21564340379414304,-0.18726315863499346,6.036569990117831,1.883876336713993,0.0
1790323434.681147,0.5486358309751795,-0.3711178921695078,-0.19368275739306354,0.28347879496978284,-0.24968136762350232,-0.21682147810148752,6.028084363463299,1.8934992226962697,0.0
1790323434.701135,0.5548662261643726,-0.37660547578872866,-0.1984481349734969,0.32521695431784264,-0.28644334380313896,-0.24874531002001382,6.017914297564464,1.904846090414179,0.0
1790323434.7217505,0.5620552828029287,-0.3829374255687072,-0.20394675396788478,0.36876913858516275,-0.3248030699054543,-0.28205661631505863,6.0060249007135305,1.9178629788613246,0.0
1790323434.741083,0.5698684893688564,-0.38981911173191275,-0.2099227600268821,0.4112432525233941,-0.3622132573511308,-0.31454335016800844,5.992916244304678,1.9319168725970937,0.0
1790323434.7621875,0.578782763705145,-0.39767059215002615,-0.2167409283417371,0.455711706402938,-0.4013800118942022,-0.3485554740733546,5.977723304089722,1.9478315769148935,0.0
1790323434.782177,0.588518682710129,-0.40624575761344356,-0.22418753947031206,0.49973873745620595,-0.440157971730507,-0.38222997149178445,5.960842771659564,1.9650656886980726,0.0
1790323434.8014498,0.5990514549772435,-0.4155227724420144,-0.2322436314672658,0.5430347755563905,-0.4782920903924887,-0.4153453619315557,5.94224465003159,1.9835347769728662,0.0
1790323434.8215628,0.6106483579596357,-0.4257370482475447,-0.24111363405885233,0.5867424551954427,-0.5167887731129428,-0.4487756003546294,5.921365986896735,2.0036558947868586,0.0
1790323434.8413215,0.6229355902685205,-0.4365593496740661,-0.2505116416638753,0.6287500657143097,-0.5537880754631033,-0.48090552458823255,5.898788188635828,2.024726670588073,0.0
1790323434.8614817,0.6360965972248952,-0.448151250989014,-0.2605779641974154,0.6698794883651474,-0.5900138908653482,-0.5123637583992162,5.874087726751792,2.0470084699300637,0.0
1790323434.8809705,0.6499048008951355,-0.4603131877475534,-0.2711393013514943,0.7090297997316699,-0.6244965522083992,-0.5423082499423231,5.847602030094368,2.0700615289998847,0.0
1790323434.9019358,0.6649127461967361,-0.4735318283464801,-0.2826182724114149,0.7482064908011793,-0.659002448165242,-0.5722729182545392,5.8181580076860495,2.0947347298904493,0.0
1790323434.9220257,0.680302337923992,-0.487086614022912,-0.29438914940430505,0.7842508444257624,-0.6907494559407277,-0.599841788197449,5.7872609069430245,2.119614423710299,0.0
1790323434.9407544,0.6961814335143632,-0.5010725430376407,-0.3065344281267791,0.8177566241622837,-0.720260548327014,-0.6254690055284304,5.754640800649179,2.144831245494692,0.0
1790323434.96241,0.7133069113068412,-0.5161562557960768,-0.31963301424344104,0.8510012683624816,-0.7495416387554775,-0.6508964908372107,5.718626495467591,2.1715015603335805,0.0
1790323434.980952,0.7304283854620189,-0.531236442246181,-0.33272853813967374,0.8801352776256629,-0.7752021798832972,-0.6731799175469181,5.681765403440586,2.197610904143661,0.0
1790323435.0012214,0.7485976029851477,-0.5472394560882118,-0.34662543861059636,0.9082569456349818,-0.7999710749576867,-0.694689045328803,5.641724808758836,2.2247009915007614,0.0
1790323435.021358,0.7672300576762493,-0.5636504781893642,-0.3608766504771286,0.9335782062162075,-0.8222734379000208,-0.7140562546017207,5.599688251518989,2.251810717819904,0.0
1790323435.040884,0.786062374014629,-0.5802375336669573,-0.3752807284435158,0.9556285833984971,-0.8416948846861028,-0.7309216973021844,5.556211367088986,2.2785091146779846,0.0
1790323435.0630143,0.8061317182857756,-0.5979141338707251,-0.39063095910137297,0.9763860805049531,-0.8599775935092918,-0.7467982682632996,5.508800032477802,2.306171237971563,0.0
1790323435.0810297,0.8254270303919675,-0.6149089849879308,-0.4053891638261391,0.9921875585404045,-0.8738951588311882,-0.7588841804536632,5.4621842237150515,2.3319853701019393,0.0
1790323435.1017268,0.8458937968720153,-0.6329356252031676,-0.4210433666762498,1.0066680566347166,-0.8866492364984183,-0.7699597284529032,5.411649824391712,2.3585163260408715,0.0
1790323435.1226604,0.8662395864213952,-0.6508557118206185,-0.4366050391594017,1.0176023591223793,-0.8962799095772277,-0.7783229346942606,5.3603227110277665,2.3840092833184996,0.0
1790323435.1413279,0.8863458073814352,-0.6685647921332333,-0.4519834753068238,1.0250122161364064,-0.9028063350664928,-0.7839904349758011,5.308550352849401,2.4083259483972315,0.0
1790323435.163933,0.9076934778661134,-0.6873673116047814,-0.46831144604271185,1.0305597200318681,-0.9076924443067383,-0.7882334965935703,5.252461163023744,2.4331768441415034,0.0
1790323435.1809266,0.927722216024553,-0.7050081469120758,-0.4836306187253931,1.0317192935650497,-0.908713769043411,-0.7891204075438535,5.198809089374259,2.455574033796142,0.0
1790323435.202188,0.948804122443036,-0.7235765877269827,-0.49975531726356764,1.0308427127476256,-0.9079416975473743,-0.7884499462893192,5.141282869986223,2.47817556731019,0.0
1790323435.2222738,0.9696764601761445,-0.7419604454376015,-0.5157197251805987,1.026660066597827,-0.9042577224864592,-0.7852508092227475,5.083287473126316,2.49955641553015,0.0
1790323435.2414289,0.9895208045827802,-0.7594388711222062,-0.5308978625317906,1.0190971011699008,-0.8975964427546355,-0.7794662025007938,5.027209249091687,2.5189540635942076,0.0
1790323435.2623355,1.0101090600410607,-0.7775725159345226,-0.5466449873933565,1.0090161910461828,-0.8887174173345934,-0.7717557216026871,4.968083394556446,2.5381096144982545,0.0
1790323435.2813592,1.0299554257778312,-0.7950527219585437,-0.5618246707783092,0.995903465492091,-0.877168041128284,-0.761726327563248,4.910198069957394,2.555630524474452,0.0
1790323435.3023834,1.049819843077457,-0.8125488273689789,-0.5770181610744307,0.9799429883568375,-0.8631104331880555,-0.7495188033848013,4.851406462731031,2.5722296165817258,0.0
1790323435.3213851,1.069178931980462,-0.8295998515690871,-0.5918251460945804,0.9611803260483053,-0.8465847273201738,-0.7351680009719129,4.79330906968436,2.587495232006214,0.0
1790323435.3409503,1.0881256765514309,-0.8462876927072466,-0.6063167455933246,0.939705393269304,-0.8276701182523057,-0.718742692448327,4.7357025539206505,2.601557068561039,0.0
1790323435.3622615,1.1071852582673258,-0.863074918113873,-0.6208946496657506,0.91500432320135,-0.8059140043356086,-0.699849841844129,4.677027100668601,2.614818480656758,0.0
1790323435.3809679,1.1246881437992662,-0.8784910426160192,-0.6342818997155505,0.888681528364551,-0.782729513886418,-0.6797165994797917,4.6225194024268195,2.6262097643460107,0.0
1790323435.4012313,1.1422088569882576,-0.8939228692936826,-0.6476827854200148,0.8595825199957919,-0.7570998007123727,-0.6574599435402376,4.567373026272955,2.636852765373807,0.0
1790323435.4214609,1.1591356041106138,-0.9088315448134071,-0.6606293704755585,0.8281295388412971,-0.7293967644012166,-0.6334028289142825,4.513556539099071,2.6464083610481994,0.0
1790323435.4409323,1.1751533164708838,-0.9229395641759786,-0.6728806715653927,0.7949407847572204,-0.7001649006552331,-0.6080180916974361,4.462154721359922,2.6547894021237184,0.0
1790323435.4618912,1.1908373361120046,-0.9367536749430514,-0.6848767445750971,0.7591394999282242,-0.6686319820828399,-0.580635135256611,4.411387494708141,2.662369393421418,0.0
1790323435.481337,1.2054129140398389,-0.9495914966620007,-0.6960250152978978,0.7223070043564825,-0.6361907976608465,-0.5524634473782187,4.3638311966993815,2.6688553658821297,0.0
1790323435.5027535,1.21952257524816,-0.9620189500366824,-0.7068169251443662,0.683201024983308,-0.6017471828811535,-0.5225528635858692,4.317458011884887,2.674619474707824,0.0
1790323435.522594,1.2327507081616513,-0.9736699742951211,-0.7169345896107042,0.6428619571868822,-0.5662174932013929,-0.49169914027372685,4.273688468088832,2.6795619822369865,0.0
1790323435.5412967,1.2448903558030298,-0.9843622866632823,-0.7262197156657784,0.6021339841402724,-0.5303452650444525,-0.4605479590469804,4.233276573136168,2.6837034785639258,0.0
1790323435.563318,1.2566085928808157,-0.9946834306487785,-0.7351825218051937,0.5590434324419612,-0.49239213390872677,-0.4275897368546211,4.194051261104771,2.6873421654427108,0.0
1790323435.5828876,1.2673025256262673,-1.0041023917863927,-0.7433618789413556,0.5157406412038069,-0.4542520672437401,-0.39446918121243396,4.158073464941923,2.6903541751550324,0.0
1790323435.601228,1.2768892891527104,-1.0125461846585206,-0.7506944070700796,0.4729558687757494,-0.4165682592028728,-0.36174483723081124,4.125676692728956,2.6928034135291807,0.0
1790323435.6216028,1.2858645025848003,-1.0204513387801046,-0.7575591852374537,0.4287532722269837,-0.37763566546166555,-0.32793605685749055,4.0952257706039745,2.6948809674746768,0.0
1790323435.6413562,1.2938542498404426,-1.0274885177760418,-0.7636702201380018,0.38510528835557556,-0.33919156135086825,-0.2945514773154571,4.068021892691863,2.696554818068398,0.0
1790323435.6608922,1.300967716505924,-1.0337538897089615,-0.7691110234157204,0.3417983306622141,-0.30104782497141785,-0.26142773492000193,4.043726514163187,2.6979057039723124,0.0
1790323435.681186,1.307271409173488,-1.0393060320005336,-0.7739324632762379,0.29871190830105615,-0.2630983308574596,-0.22847267109081149,4.022138649049891,2.6989929424253054,0.0
1790323435.7012851,1.3127048925423321,-1.0440917146779174,-0.7780883151994766,0.2566493303303722,-0.2260506144855525,-0.19630070447392603,4.003487675099987,2.6998471592566196,0.0
1790323435.7212536,1.3173112622866556,-1.0481488953840257,-0.7816115413256235,0.21577685108249672,-0.1900511087099603,-0.1650389962916924,3.987644869520004,2.70051114941149,0.0
1790323435.7409525,1.3211115186756854,-1.0514960706555803,-0.7845182039122268,0.1765102646494558,-0.15546603505902598,-0.13500557064756588,3.9745533767761363,2.701017330036321,0.0
1790323435.7617145,1.3241723316956486,-1.054191961827778,-0.7868592961383718,0.13876667607031734,-0.12222238162645523,-0.10613702453477614,3.9639953967434893,2.70139765028327,0.0
1790323435.7807887,1.3264759026470732,-1.0562208922302467,-0.7886212044978762,0.10376663657170339,-0.09139518084827304,-0.0793669082779011,3.95604139243586,2.7016677675640954,0.0
1790323435.8013964,1.3281350124346225,-1.0576821965963705,-0.789890190548517,0.07077641811411252,-0.06233818255121356,-0.05413402294117509,3.9503083860556307,2.70185373996956,0.0
1790323435.8216016,1.3291642465466476,-1.0585887214767327,-0.790677410141099,0.040920618245764685,-0.03604190545783446,-0.031298527756967995,3.9467501100121303,2.701965498746974,0.0
1790323435.8413477,1.3296358085466422,-1.0590040620495274,-0.7910380888644096,0.014668310952516375,-0.012919498757364038,-0.011219198467088444,3.945119366338548,2.7020157795838156,0.0
1790323435.8628552,1.3296259266464316,-1.0589953583072969,-0.7910305305981544,-0.008460019543354496,0.007451383620885569,0.006470727175035827,3.9451535426092015,2.7020147318682817,0.0
1790323435.8827455,1.32921184365362,-1.058630643874368,-0.790713815245362,-0.02693505000608643,0.023723750212935456,0.020601531609020396,3.946585523900131,2.701970600174798,0.0
1790323435.901267,1.3285090210640575,-1.0580116144849656,-0.7901762546397151,-0.04051488824204257,0.035684548138653356,0.03098820126807934,3.9490155185755187,2.7018946712171075,0.0
1790323435.9208531,1.327579321974157,-1.057192757680281,-0.7894651653644719,-0.049504544093314326,0.04360242279890605,0.037864025858431245,3.952228955050103,2.70179225157243,0.0
1790323435.9410303,1.326527129691782,-1.0562660117905427,-0.7886603859948692,-0.05379597698871787,0.04738221463308169,0.04114636951187431,3.9558644321588274,2.7016736171339826,0.0
1790323435.9618692,1.3254224141082545,-1.0552930046287214,-0.7878154336740871,-0.05484089144545834,0.048302550387424176,0.04194558236666389,3.95967984073401,2.701545952725823,0.0
1790323435.981762,1.3243292632390626,-1.054330183391712,-0.7869793267361012,-0.05373056301351279,0.04732459956246429,0.04109633700487863,3.963453746641917,2.7014164914218206,0.0
1790323436.0014744,1.3232903189328384,-1.0534151060036827,-0.7861846802082554,-0.051306474174517225,0.04518951987643057,0.03924224938193518,3.967039071208844,2.7012905613712914,0.0
1790323436.0220084,1.32229341184811,-1.0525370539986463,-0.7854221862528833,-0.04804141906563355,0.042313737139175,0.03674494063308713,3.9704780028677757,2.7011670806198307,0.0
1790323436.041453,1.3213902417878152,-1.0517415633310814,-0.7847313879606478,-0.04445493477789261,0.039154847240483445,0.03400178369064779,3.9735924559059272,2.7010529734805946,0.0
1790323436.0612638,1.3205531645324897,-1.051004285631215,-0.7840911413848708,-0.040693219955399776,0.03584161846233211,0.03112459999126027,3.976478041760374,2.7009453179000285,0.0
1790323436.0815113,1.3197829644853547,-1.0503259117827128,-0.7835020464838871,-0.036914867230606475,0.032513735416296916,0.02823469063255224,3.9791322737902726,2.7008446500479177,0.0
1790323436.1006868,1.3190995506359717,-1.0497239771491715,-0.7829793308395155,-0.033339689719666464,0.029364804257182808,0.025500181786908493,3.9814867726281533,2.7007540309728952,0.0
1790323436.1210053,1.3184699400004596,-1.049169431104337,-0.7824977670998547,-0.029883391871810105,0.026320579472542103,0.02285659919297506,3.9836553632793428,2.7006694689615274,0.0
1790323436.1407259,1.3179158340818817,-1.0486813878149845,-0.7820739538678857,-0.026725362325175347,0.0235390623002142,0.020441149972998576,3.9855634570760876,2.700594193360222,0.0
1790323436.1607144,1.3174181698036398,-1.048243056977498,-0.7816933105664415,-0.02380484033670495,0.020966736125575855,0.01820736068926891,3.987276844837119,2.700525903526069,0.0
1790323436.1809103,1.3169746139435523,-1.047852383545378,-0.7813540526081346,-0.021139555904981098,0.018619217108891462,0.016168792301432866,3.9888036685252137,2.700464494679083,0.0
1790323436.2006676,1.3165832343129438,-1.0475076656928812,-0.7810547021399051,-0.01874276460407116,0.016508180443933394,0.014335583462586676,3.99015067274736,2.7004098838346264,0.0
1790323436.2210603,1.3162334166362164,-1.0471995546189876,-0.7807871407311509,-0.016567016773534473,0.01459183360045894,0.012671441844363238,3.9913544619187293,2.700360734609447,0.0
1790323436.242151,1.3159237628969915,-1.0469268189841843,-0.7805502990956221,-0.014616451317621215,0.012873822026705756,0.011179533127417035,3.9924199037472867,2.700316962450911,0.0
1790323436.2631347,1.3156499150034366,-1.0466856202850336,-0.7803408439049372,-0.012873282990476085,0.011338480901928051,0.009846254095694196,3.993362040350748,2.700278043657575,0.0
1790323436.281057,1.3154152176654719,-1.046478904462332,-0.7801613333925921,-0.011366525403092995,0.01001136472332669,0.008693796088131926,3.9941694054090355,2.7002445334482985,0.0
1790323436.3014348,1.3152054307596803,-1.0462941291547008,-0.7800008758634676,-0.010010615226145965,0.00881711134931073,0.007656715170775102,3.994891015886103,2.7002144585398216,0.0
1790323436.3217773,1.315019189735412,-1.046130092498443,-0.7798584276278975,-0.008799594277713334,0.007750472955220614,0.0067304541709746115,3.995531585777308,2.700187663112118,0.0
1790323436.341168,1.314858208405356,-1.0459883039789364,-0.7797352995119721,-0.0077476082583046915,0.006823908736988471,0.005925832563582354,3.996085238558506,2.7001644291407594,0.0
1790323436.3615272,1.3147141295177642,-1.045861402727986,-0.7796250993914509,-0.006802261831972007,0.00599127013123394,0.005202775272834627,3.996580730572793,2.700143577421125,0.0
1790323436.3808126,1.3145898641460052,-1.0457519527496468,-0.7795300538287503,-0.005984045762744889,0.005270604914642062,0.00457695485633727,3.9970080610365595,2.700125549781815,0.0
1790323436.4016106,1.3144789669635366,-1.0456542771538855,-0.7794452330539804,-0.005251830724656637,0.004625687356967585,0.004016913154229299,3.997389402866736,2.7001094275606197,0.0
1790323436.4226635,1.3143808879609626,-1.0455678915055324,-0.7793702163871744,-0.0046025498108896445,0.004053816199767034,0.0035203044133848894,3.9977266531922186,2.700095142159487,0.0
1790323436.4413793,1.3142970552117916,-1.0454940536177042,-0.7793060961040665,-0.004046429308469056,0.0035639985129709076,0.00309495030762106,3.9980149067809667,2.700082911898281,0.0
1790323436.461766,1.314222389466379,-1.045428289808347,-0.7792489872917985,-0.003550378079177595,0.0031270884105627965,0.0027155407621541317,3.998271632315209,2.700072003592744,0.0
1790323436.4812663,1.3141569220137683,-1.0453706276361043,-0.7791989138820955,-0.0031147707104931775,0.002743415820267126,0.0023823622838130354,3.9984967249553702,2.7000624271693505,0.0
1790323436.5017216,1.314098559573357,-1.0453192233893025,-0.779154274809191,-0.002725822817039839,0.0024008397839113344,0.0020848717530944747,3.9986973840551707,2.7000538806413017,0.0
1790323436.5325336,1.3140482710197132,-1.0452749304295732,-0.7791158111261002,0.0,0.0,0.0,3.998870280236903,2.7000465093303974,0.0
1790323436.5409093,1.3140481303484033,-1.045275246131478,-0.779115990587081,-1.0866715093786144e-05,-2.438764982743514e-05,-1.3863177561358604e-05,3.9988704649113123,2.7000446899675765,0.0
1790323436.561259,1.3140461826192071,-1.0452796173271144,-0.7791184753964697,-0.0001419509670157252,-0.0003185737774897492,-0.00018109349916521964,3.9988730218084143,2.700019499157675,0.0
1790323436.5814505,1.3140387477475648,-1.0452963030545461,-0.7791279604105552,-0.00048777451141343597,-0.0010946890460237575,-0.000622276796929337,3.998882780328592,2.6999233410272705,0.0
1790323436.6012204,1.314021164659878,-1.045335763938695,-0.7791503919793021,-0.0010902192241591122,-0.002446726949702105,-0.001390843742111532,3.9989058482124746,2.699695933437388,0.0
1790323436.6206985,1.3139874154128983,-1.0454115057622542,-0.7791934474748595,-0.0019907569960185357,-0.004467760872798161,-0.002539701968761903,3.9989500836598797,2.6992594494537854,0.0
1790323436.6407273,1.3139317903944223,-1.045536342335273,-0.7792644109170168,-0.00318685839963527,-0.007152114142268328,-0.004065624567894815,3.999022873079257,2.6985400590288258,0.0
1790323436.6612868,1.3138470470577748,-1.0457265277594416,-0.7793725219618876,-0.004698498397028467,-0.010544615611620648,-0.005994094534404818,3.999133481710561,2.6974441242207825,0.0
1790323436.68084,1.3137302522125855,-1.0459886448538558,-0.7795215226178498,-0.006453038312976907,-0.014482245770359314,-0.008232443307117976,3.999285362165021,2.6959337631629445,0.0
1790323436.701297,1.313573665886023,-1.0463400640699774,-0.7797212871308701,-0.008479845671592962,-0.019030912750630135,-0.010818136412442668,3.999487964900685,2.693908968832978,0.0
1790323436.7222114,1.3133706865797512,-1.0467956008353205,-0.7799802373416634,-0.01076737715385039,-0.02416471043270459,-0.013736447497480738,3.9997488508538566,2.6912845135834633,0.0
1790323436.7412934,1.3131241432807272,-1.0473489061895316,-0.7802947641790265,-0.013196230807889245,-0.029615670717149514,-0.016835049898144536,4.00006308209066,2.6880971564848792,0.0
1790323436.761301,1.312825888502913,-1.048018265146506,-0.7806752617726167,-0.015806758429884455,-0.0354743532134294,-0.020165422291336412,4.000439342438998,2.684241804516704,0.0
1790323436.7809894,1.3124717161308557,-1.048813117290323,-0.7811270960609775,-0.01857634486759728,-0.04169000381518739,-0.02369871346780235,4.000880629555508,2.679664416276932,0.0
1790323436.801304,1.3120611153950084,-1.0497346089166897,-0.7816509186567504,-0.021455144542161235,-0.04815075646976762,-0.027371333087267535,4.001384731861663,2.6743588016066253,0.0
1790323436.8214805,1.3115902180602066,-1.0507914213210872,-0.7822516644487647,-0.024431483930945058,-0.05483041284770905,-0.031168388689995476,4.001952961032553,2.668275481466299,0.0
1790323436.8407621,1.3110673726119697,-1.0519648183960826,-0.782918682882909,-0.027408887084294103,-0.06151245658167295,-0.03496680138701797,4.002571489246977,2.6615228692690023,0.0
1790323436.8614166,1.3104687536181805,-1.0533082704213754,-0.7836823691791803,-0.030526005034093553,-0.06850805556229884,-0.03894345479564894,4.003263662279997,2.653793995821701,0.0
1790323436.880831,1.3098223505351445,-1.0547589619966018,-0.7845070158768358,-0.033562665223246926,-0.07532308703235091,-0.04281746446949754,4.003991923495665,2.645451051040384,0.0
1790323436.9027255,1.3090940437545473,-1.0563934661295806,-0.7854361509587399,-0.036704825722815394,-0.08237488781170761,-0.04682606583213706,4.004788635674705,2.636054639005266,0.0
1790323436.922677,1.3083146466776983,-1.058142629775011,-0.7864304643252032,-0.03974977816648534,-0.08920852919263818,-0.05071065432357307,4.005613295318654,2.6260034260924607,0.0
1790323436.9420087,1.3074846836069454,-1.0600052762661676,-0.7874892870991569,-0.0426970145120587,-0.09582287100029432,-0.05447058181057047,4.006459723508117,2.615305150720808,0.0
1790323436.9612172,1.3065992613590254,-1.0619923871406118,-0.7886188617437401,-0.04556945823546729,-0.10226935929717575,-0.05813509284536403,4.007326658630363,2.603897855642756,0.0
1790323436.9807498,1.3056556945036404,-1.0641099891813395,-0.7898226141881992,-0.0483693182584651,-0.10855295146090488,-0.06170700545292508,4.008209599658292,2.59174824919803,0.0
1790323437.0011559,1.3046438523010178,-1.0663808183239063,-0.7911134686918974,-0.051119912409701096,-0.11472597858095253,-0.06521606727972405,4.009109559196696,2.5787274725282354,0.0
1790323437.0223238,1.3035568329594962,-1.0688203639297948,-0.7925002301938125,-0.053814026202909544,-0.12077224953026594,-0.06865307446762632,4.010022398756747,2.5647486808943367,0.0
1790323437.0413334,1.3024686857448753,-1.0712624407674272,-0.7938884305762823,-0.056203213285035504,-0.1261341880213378,-0.07170107236408092,4.010880248319139,2.550765362667444,0.0
1790323437.0612633,1.3013091818220526,-1.0738646600581825,-0.7953676640545373,-0.05854372006427135,-0.13138687563298973,-0.0746869665174188,4.011732840551588,2.5358763231619927,0.0
1790323437.080899,1.30011376794357,-1.076547470347821,-0.796892709545645,-0.06070203819928445,-0.13623068596943655,-0.07744043408160296,4.012545484300189,2.520538621957961,0.0
1790323437.1016514,1.2988494671191422,-1.0793848803210755,-0.7985056373411168,-0.06276220772774492,-0.14085422607453368,-0.08006868887004887,4.013331763795468,2.5043311722266335,0.0
1790323437.1218143,1.2975637245399803,-1.0822704110006927,-0.8001459193876703,-0.06460056159986832,-0.1449799558932216,-0.0824139630334214,4.014054327478332,2.487864097960855,0.0
1790323437.1409016,1.2962738547740662,-1.0851652041284758,-0.8017914666797265,-0.06618999823156961,-0.1485470526343682,-0.08444168181116778,4.0147012619849765,2.4713600005074063,0.0
1790323437.1616778,1.2949045940664317,-1.088238170556055,-0.8035382967156799,-0.06769863558144225,-0.1519328154052575,-0.08636632115955857,4.015302727987146,2.4538578757419582,0.0
1790323437.1808803,1.2935482263689955,-1.0912822018164534,-0.8052686785344729,-0.06893207787919946,-0.15470097106051764,-0.08793988128680401,4.015812083450001,2.4365390691687487,0.0
1790323437.2013779,1.2921400364945665,-1.0944425351143052,-0.8070651723323761,-0.07002011950507177,-0.15714281093036278,-0.08932794696476021,4.016250032664653,2.4185785579478347,0.0
1790323437.2222648,1.2906947929858779,-1.0976860261143129,-0.8089089371875036,-0.07091312380872822,-0.15914693785047337,-0.09046719439307355,4.016603430366704,2.4001671512647422,0.0
1790323437.2418964,1.289287279254679,-1.1008448419761974,-0.8107045683978101,-0.0715249283552125,-0.1605199815821056,-0.09124770211667492,4.0168542383858625,2.3822580396474846,0.0
1790323437.261469,1.2878546301615268,-1.104060067930767,-0.8125322659669774,-0.07195889117368096,-0.16149390361502197,-0.09180132881578468,4.017015101356443,2.364051565431579,0.0
1790323437.2808218,1.2864126521979813,-1.1072962302237312,-0.814371864813172,-0.07218624486819558,-0.16200414265608606,-0.09209137457562383,4.017081013758017,2.34574994934795,0.0
1790323437.3013086,1.2849569339402283,-1.1105632292029226,-0.8162289927964335,-0.07220775895601438,-0.1620524256961377,-0.09211882110541086,4.017050066545485,2.3272983130259894,0.0
1790323437.3214934,1.2835031391842675,-1.1138259113588842,-0.8180836668783408,-0.07201089570966936,-0.16161061491206347,-0.09186767343881025,4.016921611937118,2.3088960465811823,0.0
1790323437.3413887,1.2820670317422989,-1.117048898720576,-0.8199157764251204,-0.07159557713533721,-0.1606785352660498,-0.09133783207544745,4.016699214718027,2.290742723805203,0.0
1790323437.361339,1.2806367832735355,-1.1202587370684531,-0.821740411405283,-0.07097197645028828,-0.159279018023872,-0.09054227546521916,4.016383589922425,2.272688739102901,0.0
1790323437.3810816,1.2792279652636593,-1.1234204800606975,-0.823537706545005,-0.07013997127408265,-0.15741178853295212,-0.08948084748166475,4.015981054462999,2.2549304383676017,0.0
1790323437.4014854,1.2778265533849618,-1.1265656018263608,-0.8253255533361981,-0.0691030653700305,-0.15508471012199154,-0.08815801803979335,4.015490602700242,2.2372907676312894,0.0
1790323437.4217718,1.2764480117861177,-1.1296593969149438,-0.8270842234398864,-0.06786347031048275,-0.15230274611722228,-0.08657660854606845,4.014920740597224,2.219964034479889,0.0
1790323437.4413838,1.2751130537666573,-1.1326553794573166,-0.8287872919294214,-0.06643741340491471,-0.14910231469448804,-0.08475732093945293,4.014286451326144,2.2032092314629432,0.0
1790323437.4609454,1.2738125286822135,-1.1355740858077124,-0.830446432710538,-0.06483161922343454,-0.145498507485402,-0.08270873406908603,4.013590685755228,2.186909827557429,0.0
1790323437.483166,1.2725012226503534,-1.1385169873236336,-0.832119327251372,-0.06300222805502415,-0.14139289223471097,-0.0803748940467515,4.012811545368275,2.1704989221050397,0.0
1790323437.50098,1.2712951678867515,-1.1412236784436716,-0.8336579478181627,-0.06106734494707096,-0.13705052646106447,-0.07790647301474012,4.01202629390337,2.1554265013571934,0.0
1790323437.5211606,1.2700934957079149,-1.1439205339379772,-0.8351909773162396,-0.058941777929438686,-0.13228021789357594,-0.07519478758542066,4.011178614742294,2.140429435834642,0.0
1790323437.5420396,1.2689407189631723,-1.1465076557441736,-0.8366616286182433,-0.056668438450350404,-0.12717827064658363,-0.0722945819037348,4.010304314189657,2.1260621838171883,0.0
1790323437.56177,1.267836300331347,-1.1489862497465204,-0.8380705872099726,-0.05425336213885471,-0.12175823019417642,-0.06921355590443509,4.009410672650143,2.1123158700013995,0.0
1790323437.5822175,1.2667728908822808,-1.151372808798081,-0.8394272284659351,-0.051685822449501054,-0.11599602346256517,-0.06593802523094193,4.008498513954682,2.0990970740769326,0.0
1790323437.6020958,1.2657730190713996,-1.1536167733620162,-0.8407028117800635,-0.049023575455255035,-0.11002126964860674,-0.06254167201146675,4.007594677210329,2.086683570686747,0.0
1790323437.6216986,1.2648281694854828,-1.1557372541736295,-0.8419082006639591,-0.046258485903505335,-0.10381571119330173,-0.059014117723107946,4.0066995229487015,2.0749671223212847,0.0
1790323437.641692,1.2639427745369387,-1.1577243037813874,-0.8430377404814492,-0.04341220649409084,-0.09742794221704042,-0.05538298572950088,4.005824551974544,2.0640003643247806,0.0
1790323437.66291,1.2630955073251375,-1.1596257851300715,-0.8441186389588542,-0.04042108562253645,-0.09071511246309528,-0.05156707269667601,4.00495457030747,2.053517243298444,0.0
1790323437.681064,1.262342029169738,-1.161316780177652,-0.8450798863428969,-0.03749231697772333,-0.08414221683447275,-0.04783070532076904,4.004154076080378,2.0442039933010356,0.0
1790323437.700878,1.261629317098915,-1.1629162858480904,-0.8459891265229145,-0.03445284119210262,-0.07732086645570732,-0.04395310365859381,4.003373692424633,2.035402866710037,0.0
1790323437.7214181,1.260976067443131,-1.1643823428596292,-0.8468225077141934,-0.03137706083959825,-0.07041803947093199,-0.04002918655954025,4.002638633536248,2.0273431190475035,0.0
1790323437.741151,1.2603863548739058,-1.165705806621531,-0.8475748316673737,-0.02830188198966038,-0.06351656240964573,-0.036106036825491204,4.001958837811351,2.020073152595545,0.0
1790323437.7622497,1.2598494727464897,-1.1669107055453942,-0.8482597573507793,-0.025181245055561335,-0.05651306594057849,-0.032124894083720906,4.001326564631754,2.013459349262701,0.0
1790323437.7813451,1.2593891906977135,-1.1679436945702166,-0.8488469607250744,-0.022190322243525004,-0.04980068068215221,-0.028309233724701725,4.000774360174802,2.007792891884886,0.0
1790323437.801058,1.258986630694789,-1.1688471407636085,-0.8493605253811412,-0.019243167026891887,-0.04318652094830215,-0.02454940973769353,4.0002837375305305,2.002839867457198,0.0
1790323437.8214283,1.2586361855008394,-1.1696336281795618,-0.849807604733768,-0.016315813012510866,-0.03661680010721135,-0.020814847072104417,3.999850809306394,1.9985302102876128,0.0
1790323437.8408322,1.2583490795124748,-1.1702779664407001,-0.8501738792943258,-0.013548690531050846,-0.03040667924482447,-0.017284699280068958,3.999492093334429,1.9950009783965599,0.0
1790323437.8617735,1.2581083486486326,-1.1708182272241616,-0.8504809909358095,-0.010803437377656124,-0.02424563867121145,-0.013782451214445986,3.9991885200405495,1.9920428548735054,0.0
1790323437.8824468,1.2579226967830468,-1.1712348768417116,-0.8507178357187115,-0.00822565236017008,-0.01846043883885926,-0.010493850095849954,3.99895266095141,1.9897621999465476,0.0
1790323437.901332,1.2577919531666943,-1.171528298497231,-0.8508846314755607,-0.0059346975968246896,-0.013318958450492507,-0.007571171770743844,3.998785648795984,1.9881564114462278,0.0
1790323437.9216063,1.2577010193908675,-1.1717323768284729,-0.8510006399537209,-0.0037369194697032797,-0.00838658993786617,-0.004767363245886884,3.998669046211729,1.987039732761763,0.0
1790323437.9409583,1.2576520863681118,-1.1718421948750217,-0.8510630661034111,-0.0018064180297248742,-0.004054057732441315,-0.0023045321129958303,3.998606149778174,1.9864388854984354,0.0
1790323437.962437,1.2576384344846603,-1.1718728331452108,-0.8510804824507346,-7.493450049243927e-05,-0.00016817192152726617,-9.5597453030445e-05,3.998588583428993,1.9862712614687827,0.0
1790323437.981482,1.2576555289790394,-1.1718344687876923,-0.8510586742033609,0.001341065747977037,0.0030096898258594115,0.0017108604049605762,3.9986105782097123,1.9864811559276387,0.0
1790323438.0015147,1.2576971365790461,-1.1717410908376495,-0.8510055934386749,0.0024590830409162018,0.005518802654044044,0.003137167445783606,3.998664059258389,1.986992054371583,0.0
1790323438.024284,1.2577591128656502,-1.1716020004168266,-0.8509265273862032,0.0032640218495619566,0.00732528838859554,0.0041640655961553375,3.9987435803056224,1.9877531124546792,0.0
1790323438.0411687,1.2578263230769542,-1.1714511637487064,-0.8508407841707776,0.0036652820421893906,0.008225817479798633,0.004675972023327965,3.9988296258857488,1.9885785140866137,0.0
1790323438.0607295,1.2579017617545867,-1.1712818603264925,-0.8507445435153449,0.0038280331429215186,0.008591072004237804,0.004883601227582155,3.9989259690997874,1.9895050576589997,0.0
1790323438.0808551,1.2579785586576564,-1.1711095087037813,-0.8506465701080876,0.003811154818650345,0.008553192786970767,0.00486206875854288,3.9990237895845127,1.9904483796776045,0.0
1790323438.1007688,1.2580532974830771,-1.1709417759264702,-0.8505512222869102,0.003677750385186065,0.008253799586654037,0.004691878472642072,3.9991187392637753,1.991366515165067,0.0
1790323438.1207483,1.2581243292891993,-1.17078236263557,-0.8504606036839292,0.0034733798941281088,0.007795140651720789,0.00443115346223854,3.999208751502332,1.9922391968961333,0.0
1790323438.1413324,1.2581908263951245,-1.1706331263558027,-0.8503757702104452,0.0032290945131744726,0.007246902635224296,0.004119507156742787,3.9992928159436665,1.9930562416682271,0.0
1790323438.161949,1.258253352637926,-1.1704928016945457,-0.8502960025530869,0.0029614150551508633,0.0066461624085657625,0.0037780159310937967,3.999371682825765,1.9938245632277398,0.0
1790323438.1807873,1.2583081733929409,-1.1703697700916114,-0.8502260651475076,0.0027015283306611997,0.00606291104169565,0.0034464662607116138,3.9994406887729985,1.9944982528399886,0.0
1790323438.2015069,1.2583591969791423,-1.1702552602933398,-0.8501609719680844,0.0024415676088688303,0.005479493606211792,0.003114822188503143,3.9995047960486225,1.9951253236743347,0.0
1790323438.2210824,1.258404866684852,-1.170152765953423,-0.8501027089848395,0.0021957807551181564,0.004927885906008619,0.0028012603838148526,3.9995620792945052,1.9956866325902547,0.0
1790323438.241157,1.2584459789431586,-1.1700604996751067,-0.8500502601507677,0.0019650344117878773,0.004410032905197901,0.002506886462932854,3.9996135675544444,1.9961919569939632,0.0
1790323438.261632,1.258482827765895,-1.1699778016216729,-0.8500032503811988,0.0017512892419877819,0.0039303348263803155,0.002234201735645327,3.9996596530652244,1.9966449017062649,0.0
1790323438.2807734,1.258515073029527,-1.1699054351161295,-0.849962113587661,0.001559331609124962,0.0034995334764137617,0.0019893123899963946,3.999699931974401,1.9970412779002074,0.0
1790323438.3011734,1.2585441167346987,-1.1698402537153727,-0.8499250611722473,0.0013828552049412915,0.0031034759087843213,0.00176417317308453,3.999736172455844,1.9973983134272448,0.0
1790323438.3209822,1.2585697498623412,-1.1697827265109186,-0.8498923597903765,0.0012244596137690738,0.002747996246486084,0.0015621004964359005,3.9997681263611344,1.997713434083441,0.0
1790323438.3407388,1.2585923355092923,-1.1697320386218708,-0.8498635462224007,0.0010829549270907934,0.002430424034647524,0.0013815763380056482,3.999796257316878,1.9979910994980865,0.0
1790323438.3610144,1.258612434110543,-1.1696869322907393,-0.8498379054951459,0.0,0.0,0.0,3.999821271690366,1.9982381964911426,0.0
1790323438.3806245,1.258612434110543,-1.1696869322907393,-0.8498379054951459,0.0,0.0,0.0,3.999821271690366,1.9982381964911426,0.0
1790323438.4006484,1.258612434110543,-1.1696869322907393,-0.8498379054951459,0.0,0.0,0.0,3.999821271690366,1.9982381964911426,0.0
1790323438.4210835,1.258612434110543,-1.1696869322907393,-0.8498379054951459,0.0,0.0,0.0,3.999821271690366,1.9982381964911426,0.0
1790323438.4407594,1.258612434110543,-1.1696869322907393,-0.8498379054951459,0.0,0.0,0.0,3.999821271690366,1.9982381964911426,0.0
1790323438.4604757,1.258612434110543,-1.1696869322907393,-0.8498379054951459,0.0,0.0,0.0,3.999821271690366,1.9982381964911426,0.0
1790323438.4806476,1.258612434110543,-1.1696869322907393,-0.8498379054951459,0.0,0.0,0.0,3.999821271690366,1.9982381964911426,0.0
1790323438.5011547,1.258612434110543,-1.1696869322907393,-0.8498379054951459,0.0,0.0,0.0,3.999821271690366,1.9982381964911426,0.0
1790323438.520961,1.258612434110543,-1.1696869322907393,-0.8498379054951459,0.0,0.0,0.0,3.999821271690366,1.9982381964911426,0.0
1790323438.540522,1.258612434110543,-1.1696869322907393,-0.8498379054951459,0.0,0.0,0.0,3.999821271690366,1.9982381964911426,0.0
1790323438.5606961,1.258612434110543,-1.1696869322907393,-0.8498379054951459,0.0,0.0,0.0,3.999821271690366,1.9982381964911426,0.0
1790323438.5805998,1.258612434110543,-1.1696869322907393,-0.8498379054951459,0.0,0.0,0.0,3.999821271690366,1.9982381964911426,0.0
1790323438.6009445,1.258612434110543,-1.1696869322907393,-0.8498379054951459,0.0,0.0,0.0,3.999821271690366,1.9982381964911426,0.0
1790323438.6208475,1.258612434110543,-1.1696869322907393,-0.8498379054951459,0.0,0.0,0.0,3.999821271690366,1.9982381964911426,0.0
1790323438.6405606,1.258612434110543,-1.1696869322907393,-0.8498379054951459,0.0,0.0,0.0,3.999821271690366,1.9982381964911426,0.0
1790323438.6610267,1.258612434110543,-1.1696869322907393,-0.8498379054951459,0.0,0.0,0.0,3.999821271690366,1.9982381964911426,0.0
1790323438.6805494,1.258612434110543,-1.1696869322907393,-0.8498379054951459,0.0,0.0,0.0,3.999821271690366,1.9982381964911426,0.0
1790323438.700808,1.258612434110543,-1.1696869322907393,-0.8498379054951459,0.0,0.0,0.0,3.999821271690366,1.9982381964911426,0.0
1790323438.7209263,1.258612434110543,-1.1696869322907393,-0.8498379054951459,0.0,0.0,0.0,3.999821271690366,1.9982381964911426,0.0
1790323438.7407498,1.258612434110543,-1.1696869322907393,-0.8498379054951459,0.0,0.0,0.0,3.999821271690366,1.9982381964911426,0.0
1790323438.7611303,1.258612434110543,-1.1696869322907393,-0.8498379054951459,0.0,0.0,0.0,3.999821271690366,1.9982381964911426,0.0
1790323438.7807627,1.258612434110543,-1.1696869322907393,-0.8498379054951459,0.0,0.0,0.0,3.999821271690366,1.9982381964911426,0.0
1790323438.8004956,1.258612434110543,-1.1696869322907393,-0.8498379054951459,0.0,0.0,0.0,3.999821271690366,1.9982381964911426,0.0
1790323438.8205035,1.258612434110543,-1.1696869322907393,-0.8498379054951459,0.0,0.0,0.0,3.999821271690366,1.9982381964911426,0.0
1790323438.8405724,1.258612434110543,-1.1696869322907393,-0.8498379054951459,0.0,0.0,0.0,3.999821271690366,1.9982381964911426,0.0
1790323438.861213,1.258612434110543,-1.1696869322907393,-0.8498379054951459,0.0,0.0,0.0,3.999821271690366,1.9982381964911426,0.0
1790323438.8805652,1.258612434110543,-1.1696869322907393,-0.8498379054951459,0.0,0.0,0.0,3.999821271690366,1.9982381964911426,0.0
1790323438.9019144,1.258612434110543,-1.1696869322907393,-0.8498379054951459,0.0,0.0,0.0,3.999821271690366,1.9982381964911426,0.0
1790323438.9206805,1.258612434110543,-1.1696869322907393,-0.8498379054951459,0.0,0.0,0.0,3.999821271690366,1.9982381964911426,0.0
1790323438.940378,1.258612434110543,-1.1696869322907393,-0.8498379054951459,0.0,0.0,0.0,3.999821271690366,1.9982381964911426,0.0
1790323438.9607124,1.258612434110543,-1.1696869322907393,-0.8498379054951459,0.0,0.0,0.0,3.999821271690366,1.9982381964911426,0.0
1790323438.9804065,1.258612434110543,-1.1696869322907393,-0.8498379054951459,0.0,0.0,0.0,3.999821271690366,1.9982381964911426,0.0
1790323439.0003788,1.258612434110543,-1.1696869322907393,-0.8498379054951459,0.0,0.0,0.0,3.999821271690366,1.9982381964911426,0.0
1790323439.0203555,1.258612434110543,-1.1696869322907393,-0.8498379054951459,0.0,0.0,0.0,3.999821271690366,1.9982381964911426,0.0
1790323439.0404007,1.258612434110543,-1.1696869322907393,-0.8498379054951459,0.0,0.0,0.0,3.999821271690366,1.9982381964911426,0.0
1790323439.0735576,1.258612434110543,-1.1696869322907393,-0.8498379054951459,0.0,0.0,0.0,3.999821271690366,1.9982381964911426,0.0
1790323439.0813696,1.2586125400568886,-1.169686691588417,-0.8498377696315127,8.080070798760698e-06,1.835732791967034e-05,1.0361733297052842e-05,3.999821406741269,1.9982395088277973,0.0
1790323439.1008253,1.258614283684506,-1.1696827301944217,-0.8498355336357161,0.00012826075024490602,0.00029139901247349405,0.00016447921306866518,3.999823629289238,1.9982611068288896,0.0
1790323439.120811,1.2586211956157112,-1.169667026793938,-0.8498266699030214,0.00045658408936874304,0.0010373255458031919,0.00058551498861135,3.999832438373747,1.9983467241746637,0.0
1790323439.140683,1.2586381431701594,-1.169628523193884,-0.849804936672756,0.0010469124546312713,0.0023785082719574636,0.001342541162127755,3.9998540285568303,1.998556655077942,0.0
1790323439.1608846,1.258671080580034,-1.1695536918156757,-0.849762698347732,0.0019356273534639854,0.004397603306057707,0.002482212705627313,3.999895952080355,1.9989646674931827,0.0
1790323439.1809936,1.2587257698692336,-1.1694294417638464,-0.8496925658151089,0.003120838791529665,0.007090316719662286,0.004002105925339904,3.9999654546046877,1.9996421714625277,0.0
1790323439.2016952,1.2588091929736493,-1.1692399105924025,-0.8495855855694778,0.004617500483321539,0.010490622254758305,0.005921397188061303,4.000071215801208,2.000675732867495,0.0
1790323439.2220566,1.2589245227211259,-1.168977889869311,-0.8494376888351136,0.006358798936137159,0.014446724558863895,0.008154406106916484,4.000216913805439,2.002104789095372,0.0
1790323439.2414045,1.2590761316420498,-1.1686334455264011,-0.8492432683599482,0.008326409068083135,0.018916990390655388,0.010677632935930688,4.000407537192174,2.003983718990594,0.0
1790323439.262486,1.2592747371341664,-1.1681822284224637,-0.8489885803514033,0.01058157208172774,0.024040555268340775,0.013569612260209174,4.0006556922774905,2.0064456677860667,0.0
1790323439.281397,1.259517375675193,-1.167630971462655,-0.8486774251756243,0.01299121479891659,0.0295150866963851,0.01665969349817111,4.000956465780581,2.009454345634283,0.0
1790323439.3026066,1.2598145942656078,-1.1669557126358505,-0.8482962775543342,0.015614646389618358,0.035475330756707536,0.020023933632062497,4.001321297313172,2.0131411338942886,0.0
1790323439.3223011,1.2601630278517522,-1.1661640970970293,-0.8478494527700869,0.01834960195601721,0.04168894910591312,0.023531190049000297,4.001743945433928,2.0174650627426574,0.0
1790323439.3407745,1.2605640381623666,-1.165253031098419,-0.8473352045671396,0.021169511542976256,0.04809557675569916,0.02714738993010777,4.002223619152613,2.0224439171097073,0.0
1790323439.3614647,1.261029791839583,-1.1641948729219143,-0.8467379306687264,0.024135599544048748,0.05483431103542582,0.030951046304920505,4.002771662704654,2.028229911970003,0.0
1790323439.3809674,1.2615506945829769,-1.1630114201140265,-0.8460699346282007,0.027125795835618766,0.06162781758203919,0.034785618705422815,4.003373036849542,2.03470519844785,0.0
1790323439.4013212,1.2621402631219596,-1.1616719636574224,-0.8453138828418476,0.030206300163884175,0.0686264973610026,0.038736000461328586,4.004038941047844,2.0420393596587365,0.0
1790323439.4210246,1.2627831742353903,-1.16021131678608,-0.8444894255249524,0.03324616056770638,0.075532837126179,0.04263426120051087,4.004747230523082,2.0500434671495897,0.0
1790323439.4407973,1.263486593712649,-1.1586131993523696,-0.8435873734017935,0.03627834317503671,0.08242173350114206,0.04652267607552469,4.005500804543199,2.058808452196515,0.0
1790323439.461858,1.264267887303447,-1.1568381576472897,-0.8425854569562382,0.03936649362607304,0.0894377847099486,0.050482863077804654,4.006311585970339,2.068552980034195,0.0
1790323439.4808319,1.2650832138026327,-1.1549857956717697,-0.8415398973386338,0.042271211109452096,0.09603708967699448,0.054207819036189535,4.0071282187974875,2.0787322014672247,0.0
1790323439.5032995,1.2659847007898803,-1.1529376833900375,-0.8403838471052568,0.04523971775974116,0.10278131895025529,0.05801457704200895,4.0079960633580605,2.0899991661333046,0.0
1790323439.521662,1.2669320423636374,-1.1507853928526766,-0.8391689937985295,0.04806425404741246,0.10919845812454222,0.06163671011850838,4.008868279379213,2.1018527226091948,0.0
1790323439.540789,1.2679144454497653,-1.148553445132108,-0.8379091782570367,0.0507104544352953,0.11521043122122912,0.0650301485366417,4.0097296532032844,2.114159430002311,0.0
1790323439.5613506,1.2689719636309347,-1.1461508414277324,-0.8365530365074219,0.053335209902475963,0.12117368303176138,0.06839608638523526,4.010607728813592,2.1274233633012174,0.0
1790323439.5808766,1.2700710932987267,-1.1436536994793014,-0.8351435329572467,0.055796311252435296,0.12676512469730172,0.07155215722178862,4.011466236558299,2.1412268429597123,0.0
1790323439.6031444,1.2712463280562802,-1.1409836523517076,-0.8336364336480372,0.058192883434011335,0.13220996082758135,0.07462547704670852,4.012323044015451,2.1560057126576773,0.0
1790323439.6231601,1.2724480143215584,-1.1382535093396402,-0.8320954134147206,0.06037256690278451,0.13716204171819088,0.0774206627991463,4.0131336636472685,2.171137888140133,0.0
1790323439.6412356,1.273649544309222,-1.1355237213788438,-0.8305545935889251,0.06228132792759919,0.14149860669707168,0.07986842262198625,4.013877853340387,2.1862886855020776,0.0
1790323439.6621187,1.274940904299137,-1.1325898462448758,-0.8288985774302533,0.06416355079272246,0.14577487892456814,0.08228215039984008,4.014603582555612,2.2025948019617014,0.0
1790323439.6816485,1.27625190136599,-1.1296113571131208,-0.827217379047436,0.0658234633962416,0.14954607855136465,0.08441079161133755,4.015261651659609,2.2191724400851958,0.0
1790323439.7015722,1.277593118536626,-1.1265642101231947,-0.8254974269626515,0.06729127212430434,0.15288083227017127,0.08629308236720379,4.015852658755468,2.236156359817287,0.0
1790323439.721943,1.2789735563580984,-1.1234279566926744,-0.8237271790408842,0.06857999564266891,0.15580871753424896,0.08794571756353921,4.016373905718244,2.253661980606776,0.0
1790323439.7414303,1.280345997693542,-1.1203098706916097,-0.8219671856648514,0.06961555857975277,0.1581614405351916,0.08927370431434897,4.016804409714639,2.271090917554396,0.0
1790323439.7609055,1.2817372638150775,-1.1171490161579531,-0.8201830517314256,0.07045982886905791,0.16007956067789705,0.0903563809128918,4.017151346716214,2.288783591428138,0.0
1790323439.7810876,1.2831639310750649,-1.113907732835555,-0.8183535200330316,0.0711317297904551,0.16160607026559717,0.09121801422316149,4.017413359257773,2.30695175019052,0.0
1790323439.8018193,1.2846064285583179,-1.1106304844075578,-0.8165036879492082,0.07159201215695073,0.16265179802564264,0.09180827181393508,4.017581552964941,2.3253470009932284,0.0
1790323439.822144,1.2860628387655977,-1.1073216272915203,-0.8146360144455022,0.07183823297234236,0.1632111936499352,0.09212402083208261,4.017652483103669,2.3439451267215876,0.0
1790323439.84077,1.287469235722987,-1.1041263966091406,-0.812832477008124,0.07182834483040765,0.16318872851707564,0.09211134046181357,4.017626476210163,2.3619283356094485,0.0
1790323439.861227,1.2889127306719963,-1.1008468820121418,-0.8109813657926698,0.07165173920306497,0.16278749349150157,0.0918848646728196,4.0175030251935615,2.3804096236882346,0.0
1790323439.8815787,1.2903660612810368,-1.0975450215173155,-0.8091176415087679,0.07125946000875187,0.16189626394841852,0.09138181309187675,4.0172795083166175,2.399040554435392,0.0
1790323439.9009907,1.2917682779093669,-1.0943592882357964,-0.8073194648480323,0.07064290367670958,0.1604954932064133,0.09059115265902518,4.016969292040463,2.417038255353197,0.0
1790323439.9219527,1.2931981244036235,-1.0911107819264387,-0.8054858561584329,0.06982761256469858,0.1586432116279574,0.08954563842127924,4.016557144122046,2.4354123278858273,0.0
1790323439.9409056,1.2945612665169774,-1.0880138230755627,-0.8037377879327562,0.06880886143981702,0.15632868383064857,0.08823921082739132,4.016073964548465,2.452949166187266,0.0
1790323439.961664,1.295948207159943,-1.0848627957118022,-0.8019592009130193,0.06758680705818902,0.15355226595289573,0.08667207089851324,4.015491758100874,2.4708116566565517,0.0
1790323439.9811323,1.2972726401262054,-1.0818537812025477,-0.8002607725813871,0.06618389646537437,0.1503649560349922,0.08487300431056216,4.014850349253976,2.4878869954320444,0.0
1790323440.00152,1.2985920303461,-1.0788562234429917,-0.7985688109743969,0.0645811876208971,0.14672371915099006,0.08281772014129261,4.01412824406062,2.504914257914408,0.0
1790323440.021269,1.2998603080610975,-1.0759747895438025,-0.7969423950980169,0.062811191667454,0.14270241823135033,0.08054791007858593,4.013355764457578,2.521297427182486,0.0
1790323440.0408688,1.3010834892148921,-1.0731958117223714,-0.7953738102173589,0.06087980034983257,0.13831443888787887,0.07807112958695031,4.012537885043582,2.537112115835134,0.0
1790323440.0618634,1.302290938184496,-1.070452576268956,-0.7938253999986346,0.05875597804797623,0.13348927046927594,0.07534757916143754,4.011660246379282,2.552736601301741,0.0
1790323440.080962,1.3034280541450345,-1.067869132250931,-0.7923671835294535,0.05651571013369469,0.12839954616430393,0.0724747010369963,4.010769797781734,2.5674626643334104,0.0
1790323440.1011593,1.3045297538770106,-1.0653661513052712,-0.7909543841765191,0.05412116678433748,0.1229593193919445,0.06940398294897698,4.0098478565450115,2.5817406237621574,0.0
1790323440.121555,1.3055958344174114,-1.062944094549049,-0.7895872622158446,0.05156200432170406,0.1171450900743702,0.06612216035583057,4.008900159438292,2.595566604056809,0.0
1790323440.1407738,1.3065787652480587,-1.0607109478316594,-0.7883267699045442,0.04895245791108157,0.1112163921242622,0.06277572631997423,4.007977898315638,2.608322420684326,0.0
1790323440.1618683,1.3075404033821731,-1.0585261765582834,-0.7870935829533259,0.046157788719417066,0.10486710880038441,0.059191894254801355,4.007030552828079,2.6208093534590926,0.0
1790323440.181081,1.3084160847644335,-1.056536692717405,-0.7859706253503362,0.04335419712914205,0.09849755444161035,0.055596620270729674,4.00612907493943,2.6321863884507377,0.0
1790323440.2014546,1.3092498807596966,-1.0546423694021325,-0.7849013807926793,0.04043029801553181,0.09185467021827473,0.05184706614462975,4.005236299447472,2.6430246613289974,0.0
1790323440.2218184,1.3100345658983727,-1.0528596223491529,-0.7838951150888742,0.037401454091400256,0.08497335908653729,0.047962932735177405,4.004365415954173,2.6532292863583535,0.0
1790323440.240836,1.310728990887403,-1.0512819397326612,-0.7830045973310064,0.03444827848461484,0.07826396081908643,0.04417583497589536,4.003569864372537,2.6622638515927437,0.0
1790323440.261661,1.3113896982461963,-1.049780861097786,-0.7821573184383195,0.03135248972630948,0.07123055593668022,0.040205852749694695,4.0027912686608245,2.670862953497017,0.0
1790323440.2814884,1.3119727164968187,-1.0484562864156601,-0.7814096666205678,0.028328451682372954,0.06436016341207904,0.036327882312088056,4.002086660806241,2.67845348519843,0.0
1790323440.301868,1.3125031229235566,-1.0472512419366171,-0.7807294832323559,0.025269569780999413,0.05741060820030661,0.03240522875637576,4.001431324239078,2.6853610898492004,0.0
1790323440.321728,1.3129705449664153,-1.046189293355802,-0.7801300698527109,0.022253708302481846,0.05055879223232099,0.028537743794982015,4.0008424974727514,2.691450026619771,0.0
1790323440.3408632,1.3133746380295004,-1.045271223569799,-0.7796118683850319,0.01931675144414486,0.04388624177117389,0.024771444658635983,4.000324904595928,2.69671518629365,0.0
1790323440.360704,1.3137223750817288,-1.0444811905049212,-0.7791659368229913,0.01644022602290911,0.03735098710051615,0.021082641679142512,3.999873151704785,2.701246921858122,0.0
1790323440.3811176,1.3140184266782553,-1.0438085830025963,-0.7787862857330733,0.013607102442249058,0.030914338226715427,0.017449496416994413,3.999483917270663,2.7051057169476658,0.0
1790323440.4008455,1.3142534313380607,-1.043274669660729,-0.778484920105332,0.010965362829407976,0.024912499683582768,0.014061778414243394,3.999171913637147,2.7081692220789106,0.0
1790323440.4209185,1.3144400297365355,-1.0428507317924363,-0.7782456297715217,0.008424680719566808,0.019140256371421853,0.010803654683600726,3.998922265558129,2.7106019617202706,0.0
1790323440.440714,1.3145778435646753,-1.042537628888014,-0.7780688998681092,0.006050530766058358,0.013746361897915404,0.0077590887091056465,3.998736799659691,2.712398826489541,0.0
1790323440.4617176,1.3146714760831837,-1.0423249026769439,-0.7779488272587377,0.003838660677697628,0.008721155369535155,0.004922627431216993,3.9986102651344817,2.71361970958299,0.0
1790323440.4808726,1.3147224023938593,-1.0422092018361846,-0.7778835203001522,0.0019036405650733447,0.004324931670107667,0.002441193440008987,3.9985412646718235,2.7142837660665027,0.0
1790323440.5018206,1.3147379461414446,-1.0421738875823086,-0.7778635872858349,0.00016258619211575486,0.00036938389752746146,0.0002084975246472944,3.998520179216368,2.7144864529408244,0.0
1790323440.5218072,1.314722312263136,-1.0422094066065737,-0.7778836358821241,-0.0012692135364231227,-0.0028835600167862476,-0.0016276159564575685,3.9985413869020037,2.7142825907872195,0.0
1790323440.540746,1.314682950154802,-1.0422988344282214,-0.7779341131215841,-0.002378795326979126,-0.0054044484211352856,-0.0030505231154832066,3.998594729824429,2.7137693249338852,0.0
1790323440.5617073,1.3146234686555065,-1.0424339720297244,-0.77801039109577,-0.0031939222097733043,-0.0072563568828625975,-0.004095826748720749,3.9986751953610344,2.7129937292536175,0.0
1790323440.5808861,1.3145544177697985,-1.042590850574932,-0.778098940674041,-0.0036322595371965794,-0.008252227124516384,-0.004657942427409463,3.998768390530816,2.7120933841809434,0.0
1790323440.6011193,1.3144793552315828,-1.0427613871534878,-0.7781951994842621,-0.003804906565458473,-0.008644468503471453,-0.004879341782183837,3.998869436538498,2.7111146887715165,0.0
1790323440.6218636,1.3144021170416091,-1.0429368666531826,-0.7782942483100442,-0.0037937625429320977,-0.008619150102067223,-0.004865050893879772,3.998973125508119,2.7101076642481585,0.0
1790323440.6408186,1.3143288135155509,-1.0431034068851972,-0.7783882513956194,-0.0036667809001207385,-0.008330657127820166,-0.004702211984518539,3.9990712642632826,2.7091519751540645,0.0
1790323440.6618989,1.3142573669671138,-1.043265728200326,-0.7784798731274502,-0.0034643436758919426,-0.007870734609704954,-0.004442610233606196,3.9991666656632194,2.7082205297351654,0.0
1790323440.6810648,1.3141911587925896,-1.0434161483143285,-0.778564777265494,-0.0032231936055938807,-0.0073228593461630185,-0.00413336384514969,3.9992548509622914,2.7073574063189256,0.0
1790323440.7015285,1.3141296538677385,-1.04355588299021,-0.7786436500431755,-0.0029617920111027125,-0.006728974105760676,-0.0037981472767564363,3.999336581021829,2.706555622382202,0.0
1790323440.7217171,1.3140735882928036,-1.0436832598622352,-0.778715547499162,-0.0026973140088624647,-0.006128099492706188,-0.0034589855799842992,3.9994109229693042,2.705824767777822,0.0
1790323440.7407622,1.3140236031373826,-1.0437968224673204,-0.778779647537662,-0.002443282780516664,-0.005550959183329487,-0.0031332206327707654,3.999477073645963,2.705173193048025,0.0
1790323440.7610862,1.3139776906995762,-1.0439011321568508,-0.7788385247984452,-0.0021968281232568865,-0.004991032287473283,-0.002817171740138602,3.9995377275349204,2.7045747220565017,0.0
1790323440.781189,1.313936572776242,-1.0439945490613332,-0.7788912536625763,-0.001966506259006603,-0.004467757913471996,-0.002521811242777439,3.9995919605962325,2.704038759510399,0.0
1790323440.8016038,1.3138996605695006,-1.0440784108863426,-0.7789385891935616,-0.001752717996799511,-0.003982046670037416,-0.002247653130776094,3.9996405765256267,2.7035576269301163,0.0
1790323440.8227313,1.3138666537530321,-1.0441533999512387,-0.7789809165243174,-0.0015564093585315555,-0.0035360478494953357,-0.0019959105651109815,3.9996839927462298,2.703127406768214,0.0
1790323440.8408852,1.3138382608339874,-1.0442179065797668,-0.779017327078382,-0.0013839574791457531,-0.003144249834467431,-0.0017747614656453761,3.9997212976472984,2.7027573311671316,0.0
1790323440.8611667,1.31381262006521,-1.0442761605248474,-0.7790502083258635,-0.0012256520976460317,-0.0027845916245326924,-0.0015717535733342012,3.999754952911174,2.7024231318643612,0.0
1790323440.881074,1.3137898343221621,-1.044327928060979,-0.7790794283411724,-0.0010829951634622594,-0.0024604855385785534,-0.0013888129603373957,3.9997848339663378,2.702126148317064,0.0
1790323440.931053,1.3137696058910588,-1.044373885572034,-0.7791053689069579,0.0,0.0,0.0,3.9998113402551976,2.701862498980767,0.0
1790323440.934095,1.313769834055886,-1.0443738837802095,-0.7791054265209667,1.122293763383375e-05,8.81359974443723e-08,-2.8339093050689217e-06,3.9998106819758714,2.7018633419617233,0.0
1790323440.9419918,1.3137707457936136,-1.044373876620149,-0.7791056567442928,0.00013884185727443276,1.0903531625264732e-06,-3.505902323600354e-05,3.999808051515626,2.701866710479086,0.0
1790323440.9609098,1.3138033806951035,-1.0443736203316727,-0.7791138973987475,0.0024590815305757484,1.9311664188616875e-05,-0.0006209438436829102,3.999713894458008,2.70198728212977,0.0
1790323440.9808888,1.313930094379881,-1.0443726252235,-0.7791458939313939,0.008324650903591484,6.537516578338656e-05,-0.002102061548234228,3.9993482696299836,2.7024554030937082,0.0
1790323441.000814,1.3142292337074033,-1.0443702760219111,-0.779221429744875,0.018432649630276417,0.00014475532239869167,-0.004654437101159819,3.9984848999843203,2.7035603269503854,0.0
1790323441.0210168,1.3147958308712802,-1.0443658264198858,-0.7793645014634751,0.03330883899341618,0.0002615810436331266,-0.00841083073335663,3.9968487490230835,2.7056524112335376,0.0
1790323441.0408483,1.315725088177041,-1.0443585287744803,-0.7795991486665204,0.052991122237133294,0.00041614999132223805,-0.013380813410976305,3.994162944081638,2.7090814648524804,0.0
1790323441.0611637,1.3171154450136948,-1.0443476100212803,-0.7799502283308212,0.07742074515464048,0.0006080007568073783,-0.019549549081394498,3.990138855285813,2.7142071339931335,0.0
1790323441.0808613,1.3190480238475137,-1.0443324330891648,-0.7804382247288143,0.10614205024829963,0.000833554969681075,-0.026801979453754017,3.9845343219017995,2.721322001852689,0.0
1790323441.101695,1.3216261089059518,-1.0443121868662242,-0.781089218209764,0.13912528856044767,0.0010925790053665477,-0.035130592604644566,3.977037738530032,2.730795635919986,0.0
1790323441.1215436,1.3249113151083691,-1.0442863874780455,-0.7819187671861834,0.17568238432736052,0.0013796692658464363,-0.04436164219659871,3.9674518261134497,2.742838326937853,0.0
1790323441.1407914,1.3289053857070259,-1.0442550212345163,-0.7829273118475275,0.21467819892119824,0.0016859112780876942,-0.05420849383627848,3.9557476242822025,2.757435015136251,0.0
1790323441.1611624,1.3337923764274735,-1.0442166427088304,-0.7841613281923571,0.2572038435116844,0.002019873758596893,-0.06494666452268943,3.9413526147830047,2.775228227154839,0.0
1790323441.180908,1.3395200262526736,-1.0441716623173154,-0.7856076197664712,0.301585192150196,0.002368409457994165,-0.07615341991846945,3.9243779120479223,2.795988264905287,0.0
1790323441.2012892,1.3462177050043238,-1.0441190640926183,-0.7872988538049098,0.3482478935964131,0.002734861082003805,-0.0879362407938196,3.904387531692654,2.8201348132017525,0.0
1790323441.222172,1.3539586651814493,-1.0440582727680616,-0.7892535273309468,0.39687981535006744,0.0031167773910255278,-0.10021631042304614,3.8810953288545167,2.8478676344469696,0.0
1790323441.241658,1.3624855854019065,-1.043991309140459,-0.791406664000324,0.4449998891947357,0.003494674054984385,-0.11236713309399389,3.855206645239924,2.878197391522411,0.0
1790323441.261631,1.3721534750070803,-1.0439153852497118,-0.7938479073902235,0.494782409831171,0.0038856262495447023,-0.12493774099286646,3.8255626919666277,2.912305586664843,0.0
1790323441.2810159,1.382586828418997,-1.0438334500170063,-0.7964824384090402,0.5433219964001179,0.004266817431702072,-0.1371944950208058,3.79322781762023,2.9487774651971383,0.0
1790323441.3018055,1.394345004938879,-1.0437411106807148,-0.7994515011392423,0.5936422548455893,0.004661992589941763,-0.1499008873488992,3.7563638951759772,2.9894571335499367,0.0
1790323441.3220692,1.4069961444842796,-1.043641758725335,-0.8026460463865707,0.6427455958003847,0.005047611049213946,-0.16229999526421093,3.716205585270898,3.0327196328589543,0.0
1790323441.3414462,1.4202309692604453,-1.0435378229718877,-0.8059879782683745,0.6891799080654755,0.005412269086831154,-0.17402514547910528,3.673652855582397,3.0774096916634974,0.0
1790323441.3614924,1.4348060138498864,-1.0434233622014164,-0.809668329690925,0.7364958179471718,0.005783850488684448,-0.18597290832633023,3.6261596037889925,3.1259446437558136,0.0
1790323441.3809905,1.449929966804452,-1.0433045907426306,-0.8134872862251125,0.7808021261921564,0.006131796880707287,-0.19716071523674739,3.576189150638016,3.1755438570321632,0.0
1790323441.4011598,1.4662054818287023,-1.0431767758342052,-0.8175970242437278,0.8246840651466829,0.006476410614935726,-0.20824136445634317,3.5216442003647983,3.2280396305141057,0.0
1790323441.4217575,1.4834381587724719,-1.0430414441398033,-0.8219484556726443,0.8669080689510539,0.006808004249395807,-0.2189033676847773,3.4630384455709593,3.282615219332359,0.0
1790323441.4408822,1.501113205299845,-1.042902638427668,-0.8264115900549424,0.9057282887755238,0.007112867280428374,-0.22870587980595547,3.402035741535706,3.337500864050461,0.0
1790323441.461553,1.5199727107051397,-1.0427545309206103,-0.8311738127103199,0.9436275229841775,0.0074104976253086844,-0.23827583341243977,3.3359708525493375,3.3948297440558677,0.0
1790323441.480906,1.5392021534394744,-1.042603518220951,-0.8360294484161228,0.9779571995617469,0.007680095512779594,-0.24694443632837768,3.2675996130009572,3.451952770183514,0.0
1790323441.5007527,1.5591303311685176,-1.0424470182141783,-0.8410615220268653,1.0098413327345357,0.00793048805369962,-0.2549955139191981,3.1956956215985937,3.5097148849147657,0.0
1790323441.521076,1.5797858773153917,-1.0422848060362346,-0.8462772637818013,1.0392643634486392,0.0081615530596743,-0.26242513736081996,3.1200725785535255,3.568021451253751,0.0
1790323441.5410147,1.6010889384681355,-1.0421175087921006,-0.8516565098580005,1.06586960105946,0.008370489366991942,-0.2691432385293897,3.0409470396489438,3.6264663237539345,0.0
1790323441.5613954,1.622933782055218,-1.041945956821027,-0.8571725616736742,1.0894092075603423,0.008555350653703877,-0.27508723573229105,2.958654483704967,3.684592899109484,0.0
1790323441.5807662,1.644849635103487,-1.0417738471983051,-0.8627065441220734,1.1091114284982162,0.008710076176134035,-0.2800622528865189,2.8749603123266816,3.7410490800243106,0.0
1790323441.601284,1.6674721187250645,-1.041596188262896,-0.8684189581917094,1.1262272789192473,0.00884449040824464,-0.28438418439476537,2.7874203225576553,3.7973484019746677,0.0
1790323441.6220767,1.6906554334530512,-1.041414125007476,-0.8742729879900397,1.1402163177148184,0.008954349156797579,-0.28791656321634973,2.6965490184875436,3.8529351125041784,0.0
1790323441.6409636,1.7132043259431229,-1.0412370439980936,-0.8799668195281533,1.1496780613935695,0.009028654141926966,-0.2903057526005883,2.607084510121695,3.9049304281629125,0.0
1790323441.6614754,1.7366418170073337,-1.0410529846445413,-0.885885031513705,1.1567603972905767,0.009084273156917547,-0.29209411659725226,2.513016518533595,3.956787920619811,0.0
1790323441.6809642,1.7597278077306453,-1.040871685694197,-0.8917144859814519,1.1599438247541973,0.009109273256093262,-0.2928979653760621,2.41933622900426,4.0056667338800835,0.0
1790323441.701503,1.7832171606287515,-1.0406872190591834,-0.8976457936232798,1.1600026122904132,0.009109734926494948,-0.292912809844716,2.3230302236705374,4.0531364336895,0.0
1790323441.7215393,1.8064658329285659,-1.0405046425375442,-0.9035163268930727,1.1564800261307866,0.009082071345542737,-0.29202331994270675,2.226781916454394,4.09785219380857,0.0
1790323441.7409828,1.8292924092664795,-1.0403253808207908,-0.9092802765113165,1.1494049126739925,0.009026509049834775,-0.2902367796878463,2.1314333881056142,4.139543426739985,0.0
1790323441.7616773,1.8525248718413168,-1.0401429315973973,-0.9151467166557669,1.1391712283928341,0.008946141859162125,-0.28765266721594496,2.0335796706583773,4.179707859809716,0.0
1790323441.7810032,1.874893297234443,-1.0399672678325957,-0.9207949783616312,1.1255069348106876,0.008838833400394312,-0.2842022899622363,1.9386432171385035,4.21620174264588,0.0
1790323441.801434,1.8974113371719856,-1.039790429114543,-0.9264810193070715,1.1086658917842107,0.008706577286285634,-0.2799497501995361,1.842405809592733,4.250769275687348,0.0
1790323441.8215876,1.9195191337797741,-1.0396168121202607,-0.9320634695147281,1.0885605145753192,0.00854868569618947,-0.27487293186408746,1.7473194213940209,4.2825767116750315,0.0
1790323441.8410554,1.9407715525728186,-1.0394499125808114,-0.9374299278646588,1.065523130305116,0.0083677684621442,-0.26905575103487034,1.6553935464094183,4.311153788880766,0.0
1790323441.8615913,1.9620907370810483,-1.0392824887167087,-0.9428132452569995,1.0391838645537264,0.008160920885586221,-0.2624048105466822,1.5627109834350803,4.337842550406597,0.0
1790323441.880949,1.9822688695086355,-1.0391240257651777,-0.9479084350472303,1.0104146244509076,0.007934990229399308,-0.25514027608242335,1.4745957337733708,4.361271008646989,0.0
1790323441.901558,2.002441334893089,-1.0389656073180817,-0.9530021938497115,0.9783038200139236,0.007682817593236135,-0.24703196162316568,1.3861597300175545,4.382906336872041,0.0
1790323441.9215617,2.0215373471836413,-1.0388156424746608,-0.9578241369708659,0.9440682144763931,0.0074139584646526,-0.23838711263016824,1.3021573501524886,4.401736790751518,0.0
1790323441.9410892,2.0397707900116657,-1.0386724515635362,-0.9624282722679014,0.9076504762431068,0.007127962607046007,-0.2291912522751308,1.2217189957557983,4.418215280108198,0.0
1790323441.9621067,2.057780756697909,-1.0385310156557128,-0.9669759774983759,0.8680259154069264,0.006816782923507268,-0.21918563562356866,1.1420722207121043,4.433049334414017,0.0
1790323441.980865,2.074331408469651,-1.0384010400428103,-0.9711551904276038,0.8275762837369488,0.006499123791981453,-0.20897167994441493,1.0687310908608483,4.445415578394329,0.0
1790323442.0012412,2.090399520721453,-1.0382748539102686,-0.9752125570737724,0.7846060137447496,0.006161669578343396,-0.19812123668692203,0.9974122354516152,4.456260163848956,0.0
1790323442.0215342,2.1057032786258625,-1.038154670406877,-0.9790769162411306,0.739570495538725,0.005807996553138663,-0.1867492966233624,0.9293967182361542,4.465524473739096,0.0
1790323442.0407975,2.119721193005686,-1.038044584892526,-0.9826165864501911,0.694155728603425,0.005451345211024509,-0.17528159228328688,0.8670333127130654,4.473098699022708,0.0
1790323442.0619102,2.1332801046339385,-1.0379381040195377,-0.9860403536567373,0.6460015262135818,0.005073180528703566,-0.16312215179720896,0.8066667850128026,4.4795953621536615,0.0
1790323442.0809016,2.1453966553390913,-1.0378429502983495,-0.9890999096224472,0.5986166126125654,0.004701057226697961,-0.15115696478808854,0.7526934391639614,4.484710708100173,0.0
1790323442.1014934,2.156792108710528,-1.0377534595002416,-0.9919773809583879,0.5496546399587563,0.004316548961260151,-0.13879355384951306,0.7019150599225376,4.488927251644266,0.0
1790323442.1213083,2.167239720048309,-1.037671412297163,-0.9946155122528274,0.5000658293365863,0.003927118010586266,-0.12627185975822341,0.6553513743550516,4.492286948212013,0.0
1790323442.1407866,2.1764924817529874,-1.0375987484897076,-0.9969519314996682,0.45144137161343756,0.0035452603181040585,-0.11399367487487994,0.6141100432503835,4.494858274337053,0.0
1790323442.161185,2.1849672682511976,-1.0375321942787603,-0.9990919038581125,0.40188753808098915,0.0031561040495843916,-0.10148081286510652,0.5763369913922235,4.496880447327981,0.0
1790323442.1808813,2.1923790844946924,-1.0374739877880277,-1.000963465093348,0.3533710484775246,0.002775094252563977,-0.08922989106287636,0.5433044374728726,4.498388142720533,0.0
1790323442.201562,2.198880184991485,-1.0374229333320903,-1.002605061063411,0.3052961048239547,0.0023975520051153763,-0.07709046423788941,0.5143342897988173,4.499510303773745,0.0
1790323442.221379,2.2043864398091904,-1.0373796916003086,-1.00399544807917,0.25884917540915753,0.002032794882471143,-0.06536212806053833,0.48980092601294944,4.500314409034574,0.0
1790323442.240983,2.208979152339407,-1.0373436241007181,-1.0051551560986016,0.2140162022603191,0.0016807124845305541,-0.05404133274544025,0.469340954394178,4.5008824890645025,0.0
1790323442.2614365,2.2127064684398916,-1.0373143527341686,-1.0060963424550846,0.1710314053762094,0.0013431441882746902,-0.04318722129557998,0.4527385810837301,4.501274940726879,0.0
1790323442.2807827,2.215576837033861,-1.037291811149559,-1.006821140590228,0.13084561983405232,0.0010275570937083658,-0.03303988952731031,0.4399548592502014,4.501535292905764,0.0
1790323442.3014255,2.2177142378917076,-1.0372750257086985,-1.0073608566946601,0.09263005327205799,0.0007274425269335433,-0.02339005868824036,0.43043651805988037,4.501705502892798,0.0
1790323442.3223903,2.2191287309866192,-1.0372639174085851,-1.0077180310169822,0.05740575538204769,0.000450818997512628,-0.01449555452035915,0.4241379325805088,4.501807041387334,0.0
1790323442.3408062,2.2198630871350753,-1.0372581503613534,-1.0079034636363506,0.027044763008148294,0.00021238798908197932,-0.006829085935125495,0.4208680794163582,4.501856269679877,0.0
1790323442.3618355,2.2200453328880076,-1.0372567191486275,-1.007949482597867,-0.0006899927456363371,-5.41865246409131e-06,0.00017423039548005017,0.4200566141090294,4.5018681176020925,0.0
1790323442.3814178,2.2197384210393274,-1.0372591293893958,-1.0078719841413815,-0.023052081363837067,-0.00018103265329141234,0.005820891999302835,0.42142317007366525,4.501848080510805,0.0
1790323442.4011335,2.2190502601389954,-1.037264533656009,-1.0076982163060286,-0.04052965685113311,-0.00031828758544388017,0.010234162875606228,0.4244873445350219,4.501801640078172,0.0
1790323442.4216146,2.2180718108460793,-1.0372722176160303,-1.0074511476109738,-0.05276568731150072,-0.0004143796052939054,0.013323888730977534,0.42884424739188476,4.501732006201239,0.0
1790323442.441054,2.216929505509251,-1.0372811883706763,-1.0071627035485502,-0.05925172180650812,-0.0004653157448743533,0.014961680377783584,0.43393101346292684,4.501645357479666,0.0
1790323442.4613655,2.2157022477521977,-1.0372908262738456,-1.0068528081102008,-0.061572144675161034,-0.0004835384945705603,0.015547611456975599,0.4393963527962934,4.501545837572682,0.0
1790323442.4809113,2.214492049978027,-1.0373003302015216,-1.006547220496221,-0.06110555044155319,-0.0004798742357649861,0.015429791525731184,0.4447859893616024,4.5014411809719235,0.0
1790323442.5016956,2.2132807129321352,-1.0373098430761287,-1.0062413452041985,-0.058812575202465876,-0.0004618670378504564,0.014850791260499492,0.4501809606787568,4.501329941548589,0.0
1790323442.522271,2.2121327091788716,-1.0373188585815905,-1.005951462231938,-0.0554087523988276,-0.0004351361295324616,0.013991290349843368,0.45529409634114626,4.501218530096509,0.0
1790323442.54089,2.211095640450846,-1.0373270028918815,-1.0056895915155197,-0.05153227157258538,-0.00040469334224858496,0.01301243833770753,0.45991332450253886,4.501112874340908,0.0
1790323442.5608392,2.210119933089188,-1.0373346653189628,-1.0054432151868278,-0.04732556233869383,-0.00037165720454715234,0.011950200193721826,0.46425940194358684,4.501009127478496,0.0
1790323442.5812676,2.2092186332561674,-1.0373417434086851,-1.005215627538485,-0.04302981029859134,-0.00033792179569478136,0.01086547780850459,0.4682741814759581,4.500909551255169,0.0
1790323442.6027102,2.20839213682088,-1.037348234052209,-1.0050069285315848,-0.03879214702832756,-0.00030464256969066957,0.009795423446111892,0.4719558648622053,4.500815081233446,0.0
1790323442.6216025,2.2076780767751094,-1.0373538417100452,-1.0048266208907326,-0.03493059928572847,-0.0002743170549301652,0.008820342194009703,0.47513677606520655,4.500731029921125,0.0
1790323442.6407218,2.207033996236634,-1.037358899804669,-1.0046639838084603,-0.031304935826422915,-0.0002458439871136063,0.007904824194167225,0.4780060154972019,4.500653281035337,0.0
1790323442.6614168,2.206445181715571,-1.03736352388409,-1.0045153019744588,-0.02788293961414399,-0.0002189703593449274,0.00704073430747518,0.48062910948298,4.5005805977314255,0.0
1790323442.6808577,2.2059309089613923,-1.0373675625719523,-1.00438544271737,-0.024816970107724882,-0.0001948926812427967,0.006266544893151301,0.48292016981158237,4.50051586100957,0.0
1790323442.701575,2.205464710017671,-1.0373712237264667,-1.0042677226009622,-0.021979966525872294,-0.00017261311881524343,0.005550171773043297,0.48499709570379057,4.500456164675922,0.0
1790323442.7214406,2.205057378606722,-1.03737442258235,-1.004164867153177,-0.019460162253385625,-0.00015282458666332062,0.004913894800997923,0.48681179012862863,4.5004032191372065,0.0
1790323442.7407777,2.2047014311630715,-1.0373772179095546,-1.004074986695347,-0.01722779493885042,-0.0001352933550271865,0.004350198671542656,0.48839758335834194,4.500356351517355,0.0
1790323442.7610896,2.204381811391195,-1.0373797279482113,-1.0039942793551475,-0.015201529632163164,-0.00011938068410776657,0.0038385454578476557,0.48982154653956556,4.5003137894675485,0.0
1790323442.7809885,2.2040998999987003,-1.0373819418553452,-1.0039230937757115,-0.013397739643727275,-0.00010521515682045705,0.0033830695922894725,0.49107752347280975,4.500275873667656,0.0
1790323442.8009658,2.203852969736311,-1.037383881048595,-1.0038607412980312,-0.011805661199503388,-9.271224307229716e-05,0.002981053109179518,0.4921776604525139,4.500242373755968,0.0
1790323442.8209317,2.2036348089903863,-1.0373855943090182,-1.003805653424599,-0.010390237979555109,-8.159663849893776e-05,0.0026236439205430356,0.49314962858920863,4.500212552386875,0.0
1790323442.840744,2.2034431459538273,-1.0373870994775751,-1.0037572565003274,-0.009140093362058054,-7.177900019022402e-05,0.002307969310206903,0.49400354701130333,4.500186179320078,0.0
1790323442.8613741,2.203272690915827,-1.0373884380954337,-1.0037142148178313,-0.008023161688753755,-6.300751005208996e-05,0.002025932363594999,0.4947629811969966,4.500162587930967,0.0
1790323442.880916,2.2031255178582616,-1.0373895938751951,-1.0036770520792582,-0.0070552970713386775,-5.540667362735571e-05,0.001781536409971615,0.49541868938091493,4.500142115394846,0.0
1790323442.9013672,2.202994625605078,-1.0373906217985103,-1.0036440004143217,-0.006191858565348686,-4.862591655766573e-05,0.0015635091432759712,0.496001863133368,4.5001238270722785,0.0
1790323442.9213889,2.202880266256707,-1.0373915198855825,-1.003615123481021,-0.005435557934668243,-4.268653487255834e-05,0.00137253531229248,0.496511378421303,4.5001077866775985,0.0
1790323442.9408102,2.202780723376166,-1.037392301615939,-1.00358998786104,-0.004775703571803556,-3.75045652184423e-05,0.001205915174141436,0.4969548819441071,4.500093777374005,0.0
1790323442.9617577,2.2026912722268728,-1.0373930040938906,-1.003567400508903,-0.004181571284838712,-3.283872430746858e-05,0.0010558905485489219,0.49735342381838377,4.5000811509375716,0.0
1790323442.9808137,2.2026152520833717,-1.0373936010954394,-1.0035482046264095,-0.0036758700315593154,-2.8867350173946358e-05,0.0009281956852173081,0.4976921257982361,4.500070392515241,0.0
1790323443.0009375,2.202547690395711,-1.0373941316710256,-1.0035311445926123,-0.0032259394846141927,-2.533395466739332e-05,0.0008145835093955263,0.4979931423795497,4.5000608096749675,0.0
1790323443.0230105,2.2024865165293686,-1.0373946120817599,-1.0035156975506059,-0.0028179100462716227,-2.2129617033742956e-05,0.0007115518023817839,0.4982656989437825,4.500052115447447,0.0
1790323443.0421152,2.202434797322587,-1.0373950182431422,-1.0035026379091698,-0.002472746528985496,-1.941897818222407e-05,0.000624394398912676,0.49849613119351843,4.500044752027325,0.0
1790323443.0710516,2.202390276507222,-1.0373953678741021,-1.0034913959369647,0.0,0.0,0.0,0.49869449165026614,4.500038403983245,0.0
1790323443.0809503,2.2023928534873,-1.0373947141314137,-1.0034916762791655,0.00019470167375081429,4.939300724310601e-05,-2.1181031312125486e-05,0.49868160377107174,4.5000407580389465,0.0
1790323443.1014986,2.202421334664444,-1.0373874888674401,-1.003494774663957,0.0020477781690430097,0.0005194917947391933,-0.00022277185749603067,0.4985391643394762,4.500066772933719,0.0
1790323443.121338,2.2025226661483486,-1.037361782531064,-1.0035057982226774,0.006644477901424691,0.0016856082374039991,-0.0007228335112506179,0.4980323782964363,4.500159292777888,0.0
1790323443.1408625,2.202761871934535,-1.0373010994721972,-1.0035318207275163,0.014689802628715911,0.0037265911158329704,-0.0015980610924166702,0.4968359883435072,4.5003774684330775,0.0
1790323443.161086,2.2032126019720435,-1.037186755760721,-1.0035808543431701,0.026501132480994543,0.006722955192748604,-0.0028829814663447733,0.4945814390621204,4.500787697025031,0.0
1790323443.181133,2.20395567896281,-1.0369982478425306,-1.0036616915373535,0.04223939663412443,0.010715525879643228,-0.004595101652093545,0.4908639489802862,4.501461507000214,0.0
1790323443.2008772,2.2050528107308023,-1.036719921332445,-1.003781045325556,0.06149109989168867,0.01559940540733919,-0.006689438704554828,0.4853737693023469,4.502450685716955,0.0
1790323443.2209058,2.206583163498922,-1.0363316929012054,-1.0039475279719343,0.08427102222183082,0.021378343240643426,-0.009167600493665953,0.4777129004625711,4.503819136893538,0.0
1790323443.2409937,2.2086279055272415,-1.0358129713315907,-1.0041699695364723,0.11048538929672429,0.028028550184711235,-0.012019385581835096,0.4674719727728289,4.505626964522226,0.0
1790323443.261997,2.211292700151558,-1.0351369513588593,-1.0044598648275145,0.14025696885747255,0.03558117064528193,-0.015258149516131563,0.4541169713622599,4.507947621646757,0.0
1790323443.280816,2.2144416691171447,-1.0343381033370183,-1.0048024320431757,0.17088396494207753,0.04335079794377404,-0.018589971737127352,0.4383230844521018,4.510638267252878,0.0
1790323443.3010485,2.218318617856626,-1.0333545773432213,-1.0052241940705118,0.20463328802472033,0.05191251458108838,-0.022261462871279197,0.41885982988259385,4.513873990952514,0.0
1790323443.3208368,2.222889708829881,-1.0321949574734965,-1.005721469821513,0.2401198882776489,0.06091495338684534,-0.026121947358354207,0.39588658359742523,4.517579821545463,0.0
1790323443.3407838,2.2281851968033144,-1.030851568529848,-1.0062975506246112,0.27698881405900583,0.07026806824752456,-0.030132811037026776,0.3692393302234698,4.52172491920956,0.0
1790323443.3614058,2.2343016675255987,-1.0292999081004996,-1.006962943763732,0.3154410562447728,0.08002284765029165,-0.03431591912270903,0.33841747761283325,4.526314577073043,0.0
1790323443.3808386,2.2410868167075235,-1.027578613587561,-1.0077010804962623,0.35384000390986864,0.08976410700161389,-0.03849322945180642,0.3041733927764807,4.531157112099348,0.0
1790323443.401286,2.2487475415182345,-1.0256351981624534,-1.0085344685661455,0.39335387804676625,0.09978820712279746,-0.04279182940340753,0.2654462460051501,4.536309247357915,0.0
1790323443.4218023,2.257270082532157,-1.0234731523930491,-1.0094616111253145,0.43332999323927945,0.10992957113477457,-0.047140715220990684,0.22228591835762734,4.541647146343798,0.0
1790323443.4408848,2.2663050021626363,-1.0211811235565702,-1.010444493870543,0.47155122536024824,0.11962574661501776,-0.05129869239063243,0.17644719581328183,4.546851905448906,0.0
1790323443.4610605,2.2763104098508475,-1.0186428958932332,-1.0115329532014425,0.5105612008231311,0.12952201490827858,-0.05554247466456861,0.12559005598513928,4.552069073338709,0.0
1790323443.481376,2.287152482173658,-1.0158924184758977,-1.012712430855307,0.5491267343618871,0.13930553469376064,-0.05973790738849751,0.07037528965172157,4.557072236408047,0.0
1790323443.5016322,2.2987612346507107,-1.0129474453581302,-1.0139753134231648,0.5867178233471269,0.14884185194645236,-0.06382733311103589,0.011144449595332562,4.561677404493604,0.0
1790323443.5219,2.311121431383139,-1.0098118416677873,-1.0153199434356943,0.6231543444929188,0.15808527198589623,-0.06779115674146895,-0.05203599460029951,4.565723820942442,0.0
1790323443.5415876,2.32394609775639,-1.0065584087267176,-1.016715101755538,0.6573171116592312,0.1667518734258201,-0.07150762526032109,-0.11770344282331346,4.568985709205356,0.0
1790323443.5613172,2.337460334876493,-1.0031300416300364,-1.018185276480222,0.6901672633884991,0.17508548325586062,-0.07508129814656543,-0.1870108130178858,4.5713882162490025,0.0
1790323443.580699,2.3515486647175865,-0.9995560354878363,-1.0197179050896885,0.7212011527217679,0.1829583335045762,-0.07845738510588944,-0.2593640224645277,4.572759598730929,0.0
1790323443.6010673,2.3664147465384344,-0.9957847248827156,-1.021335143084986,0.7510394414277607,0.1905278771134209,-0.0817034061349345,-0.3358035828294459,4.572949569206931,0.0
1790323443.6212275,2.3819645722152947,-0.9918399583201716,-1.0230267635945411,0.7791082534502595,0.19764853000160448,-0.08475693091925121,-0.41583644298618383,4.571764120194301,0.0
1790323443.6407106,2.397802012704372,-0.9878222280268626,-1.0247496728867045,0.8043734760948559,0.20405795268934201,-0.08750546133317492,-0.4974053145920647,4.569099308480119,0.0
1790323443.6624436,2.4148367742396375,-0.983500754648211,-1.0266028352685386,0.8289482369241501,0.21029221517025012,-0.09017887840550275,-0.5851730425800543,4.564588681176199,0.0
1790323443.6811426,2.4313479978719434,-0.9793120952866896,-1.0283990434778576,0.8489182010930313,0.21535830713460125,-0.09235135298272104,-0.6702443206330906,4.558588185431796,0.0
1790323443.7011678,2.448578073251445,-0.9749410736019698,-1.0302734534872582,0.8674403056743092,0.2200570979981472,-0.09436631910780376,-0.75898696895213,4.550615633027279,0.0
1790323443.7213643,2.4663310655249076,-0.9704373954411483,-1.0322047501114027,0.8837207511820794,0.22418721227704486,-0.0961374216331923,-0.8503520285594208,4.540572588642341,0.0
1790323443.7410777,2.4840750246694108,-0.9659360088548957,-1.0341350640476041,0.8968931954871455,0.22752887146483383,-0.09757041370721886,-0.9415610645985941,4.528680005520464,0.0
1790323443.7617533,2.5023320468191987,-0.9613044655820163,-1.0361211926225333,0.9079010764108779,0.23032141213344232,-0.09876792919866587,-1.035252963820495,4.514508797091505,0.0
1790323443.781101,2.5205418668596273,-0.956684896803678,-1.038102186216663,0.9158895288434855,0.2323479673307468,-0.09963696980757232,-1.1285057066115973,4.498420993933213,0.0
1790323443.800827,2.538847527013088,-0.9520410147705743,-1.0400936059791765,0.921203240130431,0.2336959792662725,-0.10021503307218074,-1.2220094264252799,4.480284784025382,0.0
1790323443.8214018,2.557520799475079,-0.9473038747953688,-1.0421250172202823,0.9240816226821441,0.23442618341647745,-0.10052816397538292,-1.3170998578574797,4.4597591957279175,0.0
1790323443.840762,2.575908796321397,-0.9426391051304933,-1.0441253941531987,0.9239448725994792,0.23439149189229416,-0.10051328732986198,-1.4104075514380336,4.43755282580541,0.0
1790323443.8625295,2.5947670600066983,-0.9378550355493073,-1.046176930053831,0.921333150971743,0.23372893577354012,-0.10022916569644105,-1.5057169083376272,4.41272842629995,0.0
1790323443.8808832,2.6128559298384593,-0.9332661500949369,-1.0481447658249814,0.9156555791904664,0.23228861767707779,-0.09961151910224388,-1.5967299493438807,4.386972207731427,0.0
1790323443.900789,2.6310903064997095,-0.9286403516559762,-1.0501284308627847,0.907574481061678,0.23023855960250314,-0.09873239983631374,-1.6880297179995762,4.359088512032419,0.0
1790323443.9211607,2.6492541392143054,-0.9240324491991142,-1.0521044216288973,0.8968093767672317,0.22750760786416843,-0.09756129531138764,-1.7784911759722646,4.329403525431705,0.0
1790323443.940813,2.6669818509546963,-0.919535184345015,-1.0540329680570513,0.8834333478546887,0.22411430219693282,-0.09610615585741118,-1.866275144835069,4.298602031803264,0.0
1790323443.9625766,2.6848571193525466,-0.9150004864945259,-1.0559775667467073,0.8673050567771017,0.22002278730307026,-0.09435160577190636,-1.954245977069895,4.2657234018412336,0.0
1790323443.9823475,2.7023341884225847,-0.910566806071899,-1.0578788464845104,0.8485603738621719,0.21526753152561556,-0.09231242599440033,-2.0396926886240747,4.2318188167629245,0.0
1790323444.0015206,2.7185793104950404,-0.9064456528392146,-1.059646106275653,0.8279605697016589,0.21004165823699927,-0.09007143294824731,-2.118584557894442,4.198753726457054,0.0
1790323444.020958,2.7347480679603873,-0.9023438722062588,-1.0614050585823085,0.8050665447700784,0.20423377421894623,-0.08758085826751894,-2.1965680273733534,4.16436938448872,0.0
1790323444.0409822,2.7506482945567288,-0.8983102139828448,-1.0631347981932786,0.7797872721867475,0.1978207872643365,-0.08483079940144203,-2.2727063353712817,4.129129944457212,0.0
1790323444.0628402,2.7661384930912347,-0.8943805739665573,-1.0648199320386722,0.7521706257133511,0.19081484225622178,-0.0818264643979283,-2.346331505841323,4.09344782206203,0.0
1790323444.081878,2.780795787881692,-0.8906622296205634,-1.066414456697494,0.7229656950166887,0.1834059724420063,-0.07864934455277645,-2.415476235607192,4.0584641311250635,0.0
1790323444.1011388,2.794719448377801,-0.8871299977168321,-1.0679291714057335,0.6921948948770814,0.17559986412825984,-0.0753018783050333,-2.480671403511989,4.02413975564072,0.0
1790323444.1217804,2.8082516328633944,-0.8836970776323076,-1.069401298572341,0.6593332201930368,0.16726333109073988,-0.07172695186990394,-2.543560514108178,3.989767886051311,0.0
1790323444.141403,2.8210760615756842,-0.8804437049823972,-1.070796431037737,0.6250027659841115,0.15855418986597045,-0.06799224116323747,-2.6027155548644867,3.9562786033971102,0.0
1790323444.161517,2.833164371129495,-0.8773770751489505,-1.0721114832313772,0.5894081450504985,0.14952434777106532,-0.06412000541909368,-2.6580664807699312,3.9239016036141106,0.0
1790323444.1807525,2.844341674509184,-0.8745415544461544,-1.0733274297012299,0.5532054962585607,0.14034025777560763,-0.060181624084838875,-2.7088832746055393,3.893269661603304,0.0
1790323444.2016368,2.8550769084994756,-0.8718181803732857,-1.074495284722259,0.5151013634451291,0.13067378870124077,-0.05603638580979268,-2.7573537166139865,3.863224512436222,0.0
1790323444.2219408,2.864934007964195,-0.8693175763678042,-1.0755676100309635,0.4766042736512646,0.1209076321069531,-0.05184839888268551,-2.801562218538339,3.835101234870098,0.0
1790323444.2421815,2.8740058303377833,-0.867016185837496,-1.07655450731876,0.43757718552689906,0.11100702257822014,-0.047602754971858445,-2.8419921825602206,3.808767785981983,0.0
1790323444.2623758,2.8823064877326545,-0.8649104287429229,-1.0774575118014953,0.39814041185045274,0.10100248173214693,-0.043312542556099384,-2.878765786832347,3.7842965018032215,0.0
1790323444.2813408,2.8897417507595806,-0.8630242097214463,-1.0782663725367638,0.3590175292965911,0.0910775705379028,-0.03905647744666754,-2.9115244087502585,3.762072708486211,0.0
1790323444.302239,2.896510002928076,-0.8613072017371782,-1.0790026710921299,0.3193452254232358,0.08101327907696494,-0.03474064238278411,-2.941193266513233,3.7415941735895446,0.0
1790323444.3220785,2.90235718463462,-0.8598238560482669,-1.0796387690589775,0.2809973335805847,0.07128497185162709,-0.03056888626877443,-2.9667071981517936,3.7237127084718433,0.0
1790323444.340951,2.907414074676596,-0.858540995959505,-1.080188893483993,0.2436366445740643,0.06180710375141793,-0.026504525092778626,-2.988683991208074,3.7081067401702072,0.0
1790323444.3617995,2.911874766387965,-0.8574093827906829,-1.0806741592189641,0.20596912889359809,0.05225139814813781,-0.022406785131366284,-3.0080007806454643,3.6942322526293174,0.0
1790323444.3812718,2.9155111297020015,-0.8564868898503396,-1.081069748654502,0.1704705950739338,0.04324593196856964,-0.018545002426120772,-3.0236996305365462,3.682846768194653,0.0
1790323444.4021835,2.9184842349130027,-0.8557326559272717,-1.08139318416153,0.13617052781702366,0.034544499475380026,-0.014813597427976239,-3.0365026667490276,3.673488036760668,0.0
1790323444.4228547,2.9208266760226462,-0.8551384123932235,-1.0816480115471125,0.10316127805021955,0.026170528767237494,-0.01122261672690948,-3.04656923848911,3.6660829461406768,0.0
1790323444.4411392,2.922467043531788,-0.8547222748084804,-1.0818264623786098,0.07383826061940002,0.01873170205124943,-0.008032650567878285,-3.0536077913002533,3.660880766562933,0.0
1790323444.461395,2.9235839712189247,-0.8544389263591436,-1.0819479697075352,0.04613591937491377,0.011704017515335315,-0.005018993078353986,-3.0583952045464797,3.657330813418978,0.0
1790323444.4809098,2.924181445329014,-0.8542873557923447,-1.082012967185935,0.02139298711844649,0.005427092368203508,-0.0023272811234183064,-3.0609544041011927,3.655429262673733,0.0
1790323444.501708,2.9243248687334904,-0.8542509713426395,-1.0820285698028136,-0.00038972496649975245,-9.886760458820154e-05,4.239705062463599e-05,-3.0615685608317644,3.6549725279648078,0.0
1790323444.5220375,2.9240763661843117,-0.8543140128562281,-1.0820015359300486,-0.018503301187102975,-0.0046940207135684605,0.0020129205582781226,-3.060504398465801,3.655763823403082,0.0
1790323444.5407913,2.923539468638803,-0.8544502160220414,-1.0819431284007048,-0.03214187911109163,-0.00815393127933517,0.0034966219589774817,-3.058204535920482,3.6574723773989515,0.0
1790323444.5613027,2.9227616787328476,-0.8546475301062928,-1.081858514888992,-0.04195096703137189,-0.010642355448266909,0.004563724230784385,-3.0548710717767227,3.659944933849384,0.0
1790323444.5808368,2.92185220353573,-0.8548782508501525,-1.0817595757157596,-0.04716726229083128,-0.011965654342253197,0.005131189887838503,-3.0509706638960528,3.662832233848462,0.0
1790323444.601595,2.9208756129677154,-0.8551259977958776,-1.0816533352556654,-0.049046027861470984,-0.012442270077755916,0.005335575354144191,-3.0467793489001687,3.6659279469372636,0.0
1790323444.6213465,2.9198905556374997,-0.8553758926370917,-1.0815461737210277,-0.04867179297283227,-0.012347332082570647,0.0052948634242372524,-3.0425484773157203,3.669045609784996,0.0
1790323444.6408176,2.918946918199927,-0.8556152798487723,-1.081443518136576,-0.0468866200725261,-0.01189445945802593,0.00510065963353129,-3.0384924796543915,3.672027572446025,0.0
1790323444.6620958,2.918023788907525,-0.8558494644397283,-1.0813430935738544,-0.0441548685507679,-0.011201453485859263,0.004803480295495985,-3.0345217704359126,3.6749403618120553,0.0
1790323444.6811564,2.917191725239248,-0.8560605469949115,-1.0812525757766929,-0.04104620465374324,-0.010412830278756452,0.0044652977515369525,-3.030940346456814,3.677562105441586,0.0
1790323444.7010508,2.9164128104922837,-0.8562581464351077,-1.0811678398967839,-0.03768647820958551,-0.00956051612349676,0.004099802840047962,-3.027585613019685,3.6800131994381085,0.0
1790323444.7227368,2.915684519463069,-0.8564429033680501,-1.0810886112245437,-0.03420985894803788,-0.008678547945933467,0.0037215914974281688,-3.024447098547221,3.682302204405577,0.0
1790323444.7412796,2.91505876386591,-0.8566016485403302,-1.0810205370850567,-0.03100171827349338,-0.00786468891472191,0.003372587162886162,-3.0217490542740686,3.6842667908838487,0.0
1790323444.7617161,2.9144698061593854,-0.8567510586183418,-1.0809564660815407,-0.027819544045902575,-0.007057417196694574,0.003026407642920134,-3.0192084905923293,3.686114031338045,0.0
1790323444.7809958,2.9139569796259215,-0.8568811553154775,-1.0809006771678975,-0.02493259284813904,-0.006325039304537507,0.002712344581525902,-3.0169954005126147,3.6877210536667016,0.0
1790323444.8013356,2.9134895845809616,-0.8569997266990526,-1.0808498306143381,-0.022216508317998356,-0.005636007822243519,0.0024168696101434096,-3.0149776151559062,3.6891845445152818,0.0
1790323444.8217113,2.9130746199363835,-0.8571049972460403,-1.0808046878122195,-0.019742574257007428,-0.005008406422424936,0.002147737487132648,-3.013185574573355,3.6904829359642366,0.0
1790323444.8408813,2.912712233948303,-0.8571969293460022,-1.0807652648898953,-0.017537197301407768,-0.004448934087940956,0.0019078209139877407,-3.011620134221396,3.6916160963462277,0.0
1790323444.8612301,2.912385200300878,-0.8572798930668822,-1.0807296878463455,-0.015514182844033025,-0.003935724489786408,0.001687743028978721,-3.0102070393592024,3.6926381382647397,0.0
1790323444.8809686,2.9120980366804945,-0.8573527423367846,-1.0806984481475903,-0.013713676606445317,-0.003478962018664001,0.0014918711689088549,-3.008965931418947,3.693535129921565,0.0
1790323444.9017363,2.911840838770575,-0.8574179897380154,-1.0806704683317083,-0.012082511485262487,-0.003065158947057597,0.0013144214385512828,-3.007854104349775,3.694338163505549,0.0
1790323444.9216306,2.911618010123046,-0.8574745181529453,-1.0806462274483628,-0.010656569208452147,-0.002703417951976798,0.001159297307192752,-3.0068906750358346,3.6950336156684283,0.0
1790323444.9410045,2.911423451353299,-0.857523874907503,-1.0806250619631632,-0.009401875710556076,-0.0023851203028842664,0.0010228028346272336,-3.0060493412778406,3.6956406302515745,0.0
1790323444.9621487,2.9112470468841862,-0.857568626177755,-1.0806058714317623,-0.008257064745296031,-0.0020946982679344345,0.0008982621646130294,-3.0052864053105948,3.696190837573431,0.0
1790323444.9808335,2.911097191269333,-0.8576066423864873,-1.080589569073342,-0.0072793998076582525,-0.001846678770127429,0.0007919048269583302,-3.0046382110927303,3.696658114217173,0.0
1790323445.0011263,2.91096275595713,-0.8576407466867814,-1.0805749442449961,-0.006398832212803622,-0.0016232914681457537,0.0006961104280715757,-3.0040566542064004,3.697077210237927,0.0
1790323445.0223053,2.91084149079294,-0.8576715099104237,-1.0805617521589173,-0.005601174792790028,-0.0014209372820460247,0.0006093355870322451,-3.0035320196425603,3.697455169920956,0.0
1790323445.040908,2.910740931108377,-0.8576970204524353,-1.0805508125620125,-0.00493767993544151,-0.0012526182036154455,0.000537155902705943,-3.0030969275755455,3.6977685378600604,0.0
1790323445.0607905,2.9106504701520257,-0.8577199690927125,-1.0805409715765082,-0.0043395377699310496,-0.001100878160788961,0.0004720857484903933,-3.0027055014641353,3.6980503917263325,0.0
1790323445.0809648,2.9105697620720004,-0.8577404435688918,-1.0805321915781791,-0.0038046815193568343,-0.0009651928420673103,0.0004139002857110926,-3.0023562536269366,3.6983018228507385,0.0
1790323445.1006553,2.910500211010516,-0.8577580876703392,-1.0805246253195913,-0.0033428786381165146,-0.0008480401097948974,0.00036366208744951237,-3.00205526843736,3.6985184697119706,0.0
1790323445.1207936,2.910438358752827,-0.8577737786962725,-1.0805178965915758,-0.002931581787989301,-0.0007437000293733494,0.00031891829406867204,-3.0017875868639674,3.698711114606537,0.0
1790323445.140711,2.910384361267699,-0.8577874770796642,-1.0805120223615232,-0.0025720266395910032,-0.0006524860726207543,0.0002798033305967645,-3.001553888616794,3.69887927910258,0.0
1790323445.1803083,2.910336876720709,-0.85779952322456,-1.0805068566551517,0.0,0.0,0.0,-3.0013483701442922,3.6990271480585197,0.0
1790323445.1817515,2.910336885813077,-0.8577995302939329,-1.0805068649401197,6.632007248982258e-07,-5.15642692969349e-07,-6.04308653567093e-07,-3.001348372222838,3.6990271143388584,0.0
1790323445.200775,2.910339661354787,-0.8578016882948953,-1.0805093940143684,0.00022089072253205083,-0.0001717439122573218,-0.00020127567754943726,-3.0013490067108504,3.699016821049722,0.0
1790323445.2207963,2.9103551229683613,-0.8578137097957292,-1.0805234826402401,0.0010558621410187174,-0.0008209393895051689,-0.0009621018275291187,-3.0013525408694957,3.698959480390111,0.0
1790323445.241299,2.910398314753996,-0.8578472916780161,-1.0805628390053177,0.0027183748180373,-0.0021135533483684463,-0.002476983764016946,-3.001362410239638,3.698799298391041,0.0
1790323445.2612612,2.9104876914511335,-0.8579167826165899,-1.080644279072457,0.0053342388031796546,-0.0041474038858251355,-0.004860559633349675,-3.0013828177165305,3.6984678259474144,0.0
1790323445.2811267,2.910644131531112,-0.8580384157529264,-1.0807868273095789,0.00897306363720226,-0.006976612853272459,-0.008176257665191883,-3.0014184885269577,3.6978876085226755,0.0
1790323445.3017695,2.9108887087907567,-0.8582285760952851,-1.0810096861652336,0.013631647258084176,-0.010598690627550617,-0.012421160139889196,-3.0014741302146257,3.6969804341179517,0.0
1790323445.3225076,2.9112367647346957,-0.8584991917590453,-1.0813268348219924,0.019180531647063067,-0.01491298279293468,-0.01747730488075032,-3.0015530488962243,3.695689301088365,0.0
1790323445.34086,2.9116897863862308,-0.8588514189140838,-1.081739628255832,0.02533694483650122,-0.019699632383762787,-0.02308703000534842,-3.00165530216767,3.6940085451006914,0.0
1790323445.3612509,2.9122972641131577,-0.859323736629539,-1.0822931621013547,0.03257203021580161,-0.025324956319110567,-0.02967964147926787,-3.001791591955503,3.691754303900949,0.0
1790323445.381108,2.9130563959411857,-0.8599139663529517,-1.0829848831989375,0.040466206725501004,-0.031462727712509485,-0.036872816943911896,-3.0019605750516565,3.688936597766584,0.0
1790323445.4014137,2.9139806425737147,-0.8606325738650354,-1.0838270569446373,0.04894982421013405,-0.03805879313437285,-0.04460309116148282,-3.002164316744041,3.685504973643614,0.0
1790323445.4216592,2.9150879183634375,-0.8614934876865613,-1.084836006900778,0.05799858361684532,-0.04509425991979621,-0.05284832282938972,-3.002405519362849,3.681392263100337,0.0
1790323445.4407408,2.9163566949794197,-0.8624799694061707,-1.0859921164472244,0.0672394759659611,-0.05227911126435271,-0.06126862607893102,-3.002678033918953,3.67667766512027,0.0
1790323445.4617648,2.9178517295391817,-0.8636423680859793,-1.087354392284465,0.0771075943351495,-0.059951634745257915,-0.07026045782328508,-3.002993842357485,3.6711195483735475,0.0
1790323445.480776,2.9195113564731687,-0.8649327383616656,-1.0888666447312334,0.08693692537025059,-0.06759400083238194,-0.07921694653983252,-3.00333769858727,3.6649460190836476,0.0
1790323445.5015805,2.921407473913113,-0.8664069814783626,-1.090594387381823,0.09717622217720988,-0.07555511785998659,-0.08854699616268297,-3.003721897207085,3.657888290704138,0.0
1790323445.5214498,2.923493778859716,-0.8680290965657861,-1.0924954289325446,0.1073750161812534,-0.08348474370611265,-0.0978401396221325,-3.0041339633359923,3.6501171325030644,0.0
1790323445.5409343,2.9257638680219595,-0.8697941050252957,-1.0945639347031388,0.11745116667036899,-0.09131901345567958,-0.10702153028236358,-3.0045696269220916,3.6416548771352457,0.0
1790323445.5611444,2.9282550587263394,-0.8717310213106179,-1.0968339082501553,0.12757384004696395,-0.09918945503996067,-0.11624531260844499,-3.005032485216148,3.63236062903467,0.0
1790323445.5809054,2.9309364509435345,-0.8738158204565405,-1.0992771934597165,0.13749251935011383,-0.10690128996186551,-0.12528321548753948,-3.005512859982021,3.622347716869341,0.0
1790323445.601265,2.9338362703351732,-0.8760704480907411,-1.1019195095612386,0.14730530814887896,-0.11453079435722985,-0.134224630914505,-3.0060115637322475,3.611508657266215,0.0
1790323445.6210878,2.9369143400538453,-0.878463666464176,-1.1047242474020518,0.15678257379495494,-0.12189942741207237,-0.1428603175670024,-3.0065172654803467,3.599991483749257,0.0
1790323445.6409428,2.9401694074744125,-0.8809945016530012,-1.107690265589841,0.16590677716215008,-0.1289935523465636,-0.15117429378918268,-3.007025534990092,3.587798874653223,0.0
1790323445.6623006,2.943647177500085,-0.8836984895040666,-1.1108592104430002,0.17481508853789862,-0.13591981991334295,-0.1592915491787363,-3.007538457222738,3.574757251044297,0.0
1790323445.6812856,2.947246610949903,-0.8864970714250046,-1.1141390150364292,0.18312321045845054,-0.1423794364413222,-0.1668619117976566,-3.0080365437005097,3.5612433978351348,0.0
1790323445.7021787,2.951038580049497,-0.8894453510125644,-1.1175942581585427,0.1910807142428429,-0.14856644518513512,-0.17411279108967315,-3.0085251967336406,3.5469892500717233,0.0
1790323445.722376,2.955015007744824,-0.8925370483069319,-1.1212175799958253,0.19860345862489903,-0.15441542578638073,-0.1809675175135506,-3.008997847771976,3.5320226941168107,0.0
1790323445.7409961,2.9590443564904136,-0.895669892047419,-1.124889123506369,0.20534129949007882,-0.15965413901565415,-0.1871070396709967,-3.009435244318616,3.516837294865705,0.0
1790323445.7620225,2.9633237130591374,-0.8989971184271937,-1.128788474203277,0.2118175001910615,-0.1646894253880281,-0.19300815525020615,-3.009853975081467,3.5006882603681535,0.0
1790323445.781037,2.9675816532266364,-0.9023076934216561,-1.132668310270427,0.21735989015478563,-0.16899866809733524,-0.19805838226926928,-3.010223768430097,3.4845983820296453,0.0
1790323445.8015456,2.972041252990034,-0.9057750600076656,-1.136731898608082,0.22252193878104742,-0.17301219304837637,-0.20276204217351554,-3.010560966693109,3.4677235797373958,0.0
1790323445.821614,2.9765770903350655,-0.9093017017881271,-1.140864954647785,0.22699295478807238,-0.17648843583489474,-0.20683603299500777,-3.0108513267988677,3.4505365661100496,0.0
1790323445.8408594,2.981109753203286,-0.9128258753931012,-1.144995118103483,0.23065496493443105,-0.17933567152705854,-0.2101728574888225,-3.0110884792013453,3.4333379735512057,0.0
1790323445.8624508,2.985914585356601,-0.9165616623120367,-1.1493732822748177,0.2339503863632563,-0.18189788220858844,-0.21317564625828503,-3.011282006018915,3.4150812418803707,0.0
1790323445.8815117,2.990577460725177,-0.9201870769468711,-1.1536220953910081,0.23626328593850013,-0.1836961760307871,-0.2152831608871243,-3.0114128655651036,3.3973392131599374,0.0
1790323445.9011455,2.995293994470627,-0.9238542113038563,-1.1579198020326382,0.23794084666295637,-0.18500048994023788,-0.21681175460792382,-3.011488154040852,3.379368623174412,0.0
1790323445.921761,3.000130565183074,-0.927614675150153,-1.1623268863864071,0.23901773428143375,-0.18583777676939336,-0.2177930148553856,-3.0115057369352507,3.360915558185111,0.0
1790323445.9410176,3.0048800640055444,-0.9313074400597952,-1.1666546308138557,0.23928994138938733,-0.1860494194908634,-0.21804105003522134,-3.0114642461876286,3.3427703043698203,0.0
1790323445.962153,3.009759662929288,-0.935101358608312,-1.1711009224837277,0.23894232262635437,-0.1857791437379812,-0.21772429973780721,-3.011360975823862,3.3241032039487575,0.0
1790323445.98086,3.0144352299401596,-0.9387366410740621,-1.1753613002273182,0.2377780191775091,-0.18487389055637707,-0.21666338616546252,-3.011204358490283,3.3061934006040863,0.0
1790323446.0014803,3.0192101220842753,-0.9424491494494086,-1.179712183055334,0.23601314803967033,-0.18350169225683946,-0.21505523517576036,-3.010986166939391,3.287880017187693,0.0
1790323446.0218127,3.0239711821784128,-0.9461509033197645,-1.1840504621162047,0.233528102532649,-0.1815695539007297,-0.21279086113400109,-3.0107100026737887,3.269596782830881,0.0
1790323446.0408332,3.028518154588221,-0.9496862026824279,-1.1881936644295115,0.23035461921556694,-0.1791021508603895,-0.20989918240021047,-3.0103916251021223,3.2521146577556492,0.0
1790323446.061468,3.0331149490391525,-0.9532602389923079,-1.1923822645982345,0.22654339168080972,-0.17613889771956845,-0.20642639098751553,-3.010015505304918,3.2344204219434385,0.0
1790323446.081059,3.0376137519702935,-0.9567580862853566,-1.1964815748714206,0.2220721789525137,-0.1726625019810361,-0.20235222091355487,-3.009594588698083,3.2170836760582535,0.0
1790323446.1016188,3.042026316006737,-0.9601888823007674,-1.200502304243777,0.21695216977143728,-0.16868166296040502,-0.19768686736149962,-3.0091309914704056,3.200060620622069,0.0
1790323446.122375,3.046331847019546,-0.9635364594738068,-1.2044255051001995,0.21121069544969565,-0.16421763092303837,-0.1924552346292835,-3.0086301996168716,3.1834329609458942,0.0
1790323446.1408045,3.0503828091628313,-0.9666861077655889,-1.2081167427437307,0.20501379642696105,-0.15939950334471584,-0.18680861880400507,-3.008115336941298,3.167772863990815,0.0
1790323446.1626456,3.0544922090890303,-0.9698811917974786,-1.211861228908592,0.19807338352475326,-0.15400328909523536,-0.18048451295948512,-3.007549781702075,3.1518716721653552,0.0
1790323446.1815722,3.058348046263953,-0.9728791292113137,-1.2153746686357423,0.19075214459653989,-0.14831098023912903,-0.17381339835183596,-3.0069795034483784,3.136937927271827,0.0
1790323446.2007685,3.0620111715476113,-0.9757272319296718,-1.218712509242923,0.18302144338462112,-0.14230031190771641,-0.16676918161640597,-3.006402202107577,3.1227384453960547,0.0
1790323446.2225766,3.065612267683972,-0.9785271065997503,-1.221993828876715,0.17467503699028947,-0.13581092896297622,-0.15916393417610805,-3.0058009414064055,3.108768063899342,0.0
1790323446.240834,3.0689733792879856,-0.9811403918015429,-1.22505647454903,0.16605958833482137,-0.1291123639848742,-0.151313535365128,-3.0052095772002407,3.0957186864551725,0.0
1790323446.2620516,3.0722364666087416,-0.9836774625127045,-1.228029800471729,0.15687713805573109,-0.12197295171368187,-0.1429464845433343,-3.0046075938293426,3.083040759202449,0.0
1790323446.2807212,3.0752070618372915,-0.9859871188008252,-1.2307366075322423,0.14766122771068782,-0.1148075240328545,-0.1345489449016922,-3.0040357018124286,3.0714915193942938,0.0
1790323446.3017523,3.078082537086595,-0.9882228187127688,-1.233356741245628,0.13789439428400763,-0.10721375022545136,-0.12564940402041844,-3.0034604583585036,3.0603051697476413,0.0
1790323446.3216465,3.0807245633592575,-0.9902770105916852,-1.2357641561974104,0.12802219501559683,-0.09953805381998894,-0.11665385375974781,-3.0029131337818025,3.050021063231547,0.0
1790323446.3409314,3.083131245137719,-0.9921482206608684,-1.2379571251915502,0.11812414281009935,-0.09184225659495515,-0.10763474629681433,-3.0023989099203368,3.040648143813679,0.0
1790323446.3611348,3.0853699287235647,-0.9938888110891664,-1.239997014193655,0.10798911591497211,-0.08396221007308972,-0.09839970744178395,-3.001907186055456,3.0319253542938647,0.0
1790323446.3809974,3.0874044745601785,-0.9954706831462689,-1.2418508928313625,0.09780268600887922,-0.07604219739011159,-0.08911783015125235,-3.001449103855786,3.0239945317799193,0.0
1790323446.4021094,3.089236546204729,-0.9968951302582336,-1.2435202769383509,0.08761643337987803,-0.06812232254117613,-0.07983611439564753,-3.001027487233463,3.016850196057982,0.0
1790323446.4214504,3.090866762316978,-0.9981626334368778,-1.245005730237538,0.07749512220855524,-0.0602529400799765,-0.07061357331132576,-3.0006450567296628,3.0104908220926925,0.0
1790323446.4407945,3.092275929770073,-0.9992582699065578,-1.246289763947289,0.0676703697797823,-0.052614133887783236,-0.061661256621925065,-3.000308968004064,3.004992093088827,0.0
1790323446.4615316,3.0935200949959567,-1.0002256161171106,-1.2474234475893755,0.057813166388302,-0.04495009687001192,-0.05267937060778631,-3.000007983226279,3.000135955453285,0.0
1790323446.4807806,3.094543615281439,-1.001021409512543,-1.2483560795106465,0.04851411482166886,-0.0377200263716764,-0.0442060726657677,-2.9997573888409126,2.996140138317486,0.0
1790323446.501056,3.0953991350088166,-1.001686581427908,-1.2491356292844487,0.03942421814736923,-0.03065257510454006,-0.035923356710103195,-2.999545858094299,2.992799584050677,0.0
1790323446.5212567,3.0960772851915026,-1.002213847417794,-1.2497535598880336,0.03078995884737388,-0.023939384733183397,-0.028055817635471495,-2.999376844238748,2.9901512125840526,0.0
1790323446.5413315,3.0965864898836335,-1.002609757236748,-1.2502175473214814,0.02273478847725927,-0.017676439610800735,-0.020715944527916152,-2.9992491582641767,2.9881623938421495,0.0
1790323446.5629804,3.0969518486218446,-1.0028938259307993,-1.2505504622883892,0.015027822948699497,-0.011684225921000962,-0.013693355752661165,-2.9991571313184937,2.9867352791019863,0.0
1790323446.5821648,3.097163533087005,-1.0030584119206227,-1.2507433492220892,0.008308089972746752,-0.00645959168835953,-0.007570333508073838,-2.9991036548349843,2.985908380076475,0.0
1790323446.6014452,3.0972511464039822,-1.0031265318201414,-1.2508231824968181,0.002483490111048983,-0.0019309290260532725,-0.002262956764589363,-2.999081487905995,2.9855661279918886,0.0
1790323446.6220427,3.097232452742887,-1.0031119973822342,-1.250806148828497,-0.0027036385865018228,0.0021020958365896843,0.0024635561064282187,-2.999086219222106,2.9856391532697835,0.0
1790323446.6408675,3.097125919159617,-1.0030291668578561,-1.2507090754027383,-0.006771277551761216,0.005264710461302923,0.006169989674005665,-2.999113165424043,2.9860553131076273,0.0
1790323446.6688974,3.096946585212225,-1.0028897335970448,-1.2505456662683248,-0.00987126407752338,0.007674969288726853,0.008994698114517986,-2.999158459510486,2.9867558390308067,0.0
1790323446.6819584,3.096723724356004,-1.0027164578935766,-1.2503425954045018,-0.011735726430467254,0.009124600378164776,0.010693596642499066,-2.9992146317837762,2.9876263589302274,0.0
1790323446.7019105,3.096477570600833,-1.0025250718161294,-1.2501183000457583,-0.012566928218123557,0.009770864943968753,0.01145098790399353,-2.9992765264968426,2.9885878201449643,0.0
1790323446.722373,3.096223196857027,-1.0023272946463326,-1.2498865146314662,-0.012703643626616605,0.00987716202540023,0.011575563015888087,-2.9993403242698635,2.989581340206314,0.0
1790323446.741202,3.095976638989581,-1.0021355943690755,-1.2496618510455246,-0.012391441107732232,0.009634422622879907,0.011291084008346336,-2.9994020028633273,2.990544286881569,0.0
1790323446.7616699,3.0957330732282005,-1.0019462204729157,-1.2494399138673227,-0.011781544935236478,0.00916022455093539,0.01073534647466113,-2.999462779336505,2.991495502679803,0.0
1790323446.7808204,3.095509706243365,-1.0017725512512978,-1.2492363818189884,-0.011022375149852007,0.00856996531544168,0.010043590790326384,-2.9995183814335995,2.9923677952882937,0.0
1790323446.8012824,3.0952986541203567,-1.0016084569114354,-1.2490440710756041,-0.010165475302316597,0.007903720348059676,0.009262783450716336,-2.999570800039743,2.9931919612543014,0.0
1790323446.8220751,3.09510267943938,-1.0014560853766399,-1.2488654989008925,-0.009268570798253682,0.007206371511118193,0.008445523858809229,-2.999619371238335,2.9939572191033097,0.0
1790323446.840749,3.0949325283890805,-1.0013237918754996,-1.2487104572244367,-0.008422677248709013,0.006548684008960045,0.0076747454604774185,-2.9996614620272517,2.9946216151557117,0.0
1790323446.861583,3.0947724170542052,-1.0011993043156193,-1.2485645637390022,-0.007577439610069447,0.005891506481614532,0.006904564728313869,-2.999701001208876,2.995246788667587,0.0
1790323446.880952,3.0946322115167004,-1.0010902936371477,-1.2484368084207433,-0.006802171605327183,0.005288730780325847,0.006198140342769563,-2.9997355705038378,2.9957942216904163,0.0
1790323446.9014423,3.0945043292427603,-1.0009908643728351,-1.2483202820630999,-0.006069294410614771,0.004718914197803311,0.0055303424731464705,-2.999767057233567,2.9962935254791163,0.0
1790323446.9221113,3.0943898765967996,-1.0009018767279034,-1.2482159927855834,-0.0053942643750313525,0.004194074141718792,0.004915254948324764,-2.999795201671155,2.9967403840742417,0.0
1790323446.9419127,3.0942906196212157,-1.0008247038113125,-1.248125549806434,-0.004795514135640686,0.0037285421021691413,0.004369673591467319,-2.999819582122714,2.997127906006988,0.0
1790323446.962063,3.094201715626385,-1.0007555804017254,-1.2480445404657459,-0.004249530402927283,0.003304036350138426,0.003872173087719273,-2.9998413980462697,2.9974750011787967,0.0
1790323446.9813192,3.0941235126729882,-1.000694777118489,-1.247973281916492,-0.0037620237075923152,0.0029249968588066933,0.003427956873979227,-2.999860571249582,2.99778031283504,0.0
1790323447.0015461,3.094053549630531,-1.0006403804173178,-1.247909531575995,-0.0033205905023918677,0.002581779792954381,0.0030257228351242603,-2.999877710912899,2.998053451165256,0.0
1790323447.021494,3.093992002376259,-1.000592527043866,-1.2478534497036422,-0.0029283503756945286,0.0022768106519639275,0.002668313540798839,-2.999892778444946,2.9982937308653717,0.0
1790323447.0409415,3.093938090766558,-1.0005506104316153,-1.2478043254323918,-0.002581889620968971,0.0020074352577503364,0.0023526184208208407,-2.9999059686651144,2.9985041987376184,0.0
1790323447.0615866,3.0938897681429083,-1.0005130392908226,-1.2477602938465262,0.0,0.0,0.0,-2.9999177851043237,2.9986928456446367,0.0
1790323447.080635,3.0938897681429083,-1.0005130392908226,-1.2477602938465262,0.0,0.0,0.0,-2.9999177851043237,2.9986928456446367,0.0
1790323447.100664,3.0938897681429083,-1.0005130392908226,-1.2477602938465262,0.0,0.0,0.0,-2.9999177851043237,2.9986928456446367,0.0
1790323447.120637,3.0938897681429083,-1.0005130392908226,-1.2477602938465262,0.0,0.0,0.0,-2.9999177851043237,2.9986928456446367,0.0
1790323447.1404104,3.0938897681429083,-1.0005130392908226,-1.2477602938465262,0.0,0.0,0.0,-2.9999177851043237,2.9986928456446367,0.0
1790323447.1605358,3.0938897681429083,-1.0005130392908226,-1.2477602938465262,0.0,0.0,0.0,-2.9999177851043237,2.9986928456446367,0.0
1790323447.1804698,3.0938897681429083,-1.0005130392908226,-1.2477602938465262,0.0,0.0,0.0,-2.9999177851043237,2.9986928456446367,0.0
1790323447.2006743,3.0938897681429083,-1.0005130392908226,-1.2477602938465262,0.0,0.0,0.0,-2.9999177851043237,2.9986928456446367,0.0
1790323447.2208464,3.0938897681429083,-1.0005130392908226,-1.2477602938465262,0.0,0.0,0.0,-2.9999177851043237,2.9986928456446367,0.0
1790323447.2404544,3.0938897681429083,-1.0005130392908226,-1.2477602938465262,0.0,0.0,0.0,-2.9999177851043237,2.9986928456446367,0.0
1790323447.2608645,3.0938897681429083,-1.0005130392908226,-1.2477602938465262,0.0,0.0,0.0,-2.9999177851043237,2.9986928456446367,0.0
1790323447.280602,3.0938897681429083,-1.0005130392908226,-1.2477602938465262,0.0,0.0,0.0,-2.9999177851043237,2.9986928456446367,0.0
1790323447.300519,3.0938897681429083,-1.0005130392908226,-1.2477602938465262,0.0,0.0,0.0,-2.9999177851043237,2.9986928456446367,0.0
1790323447.3207185,3.0938897681429083,-1.0005130392908226,-1.2477602938465262,0.0,0.0,0.0,-2.9999177851043237,2.9986928456446367,0.0
1790323447.340474,3.0938897681429083,-1.0005130392908226,-1.2477602938465262,0.0,0.0,0.0,-2.9999177851043237,2.9986928456446367,0.0
1790323447.360559,3.0938897681429083,-1.0005130392908226,-1.2477602938465262,0.0,0.0,0.0,-2.9999177851043237,2.9986928456446367,0.0
1790323447.3805134,3.0938897681429083,-1.0005130392908226,-1.2477602938465262,0.0,0.0,0.0,-2.9999177851043237,2.9986928456446367,0.0
1790323447.4004653,3.0938897681429083,-1.0005130392908226,-1.2477602938465262,0.0,0.0,0.0,-2.9999177851043237,2.9986928456446367,0.0
1790323447.420389,3.0938897681429083,-1.0005130392908226,-1.2477602938465262,0.0,0.0,0.0,-2.9999177851043237,2.9986928456446367,0.0
1790323447.4404185,3.0938897681429083,-1.0005130392908226,-1.2477602938465262,0.0,0.0,0.0,-2.9999177851043237,2.9986928456446367,0.0
1790323447.460342,3.0938897681429083,-1.0005130392908226,-1.2477602938465262,0.0,0.0,0.0,-2.9999177851043237,2.9986928456446367,0.0
1790323447.4804456,3.0938897681429083,-1.0005130392908226,-1.2477602938465262,0.0,0.0,0.0,-2.9999177851043237,2.9986928456446367,0.0
1790323447.500407,3.0938897681429083,-1.0005130392908226,-1.2477602938465262,0.0,0.0,0.0,-2.9999177851043237,2.9986928456446367,0.0
1790323447.5210881,3.0938897681429083,-1.0005130392908226,-1.2477602938465262,0.0,0.0,0.0,-2.9999177851043237,2.9986928456446367,0.0
1790323447.5407143,3.0938897681429083,-1.0005130392908226,-1.2477602938465262,0.0,0.0,0.0,-2.9999177851043237,2.9986928456446367,0.0
1790323447.560446,3.0938897681429083,-1.0005130392908226,-1.2477602938465262,0.0,0.0,0.0,-2.9999177851043237,2.9986928456446367,0.0
1790323447.5806816,3.0938897681429083,-1.0005130392908226,-1.2477602938465262,0.0,0.0,0.0,-2.9999177851043237,2.9986928456446367,0.0
1790323447.6007326,3.0938897681429083,-1.0005130392908226,-1.2477602938465262,0.0,0.0,0.0,-2.9999177851043237,2.9986928456446367,0.0
1790323447.621028,3.0938897681429083,-1.0005130392908226,-1.2477602938465262,0.0,0.0,0.0,-2.9999177851043237,2.9986928456446367,0.0
1790323447.6404629,3.0938897681429083,-1.0005130392908226,-1.2477602938465262,0.0,0.0,0.0,-2.9999177851043237,2.9986928456446367,0.0
1790323447.6607056,3.0938897681429083,-1.0005130392908226,-1.2477602938465262,0.0,0.0,0.0,-2.9999177851043237,2.9986928456446367,0.0
1790323447.6804376,3.0938897681429083,-1.0005130392908226,-1.2477602938465262,0.0,0.0,0.0,-2.9999177851043237,2.9986928456446367,0.0
1790323447.7005453,3.0938897681429083,-1.0005130392908226,-1.2477602938465262,0.0,0.0,0.0,-2.9999177851043237,2.9986928456446367,0.0
1790323447.7205417,3.0938897681429083,-1.0005130392908226,-1.2477602938465262,0.0,0.0,0.0,-2.9999177851043237,2.9986928456446367,0.0
1790323447.7405396,3.0938897681429083,-1.0005130392908226,-1.2477602938465262,0.0,0.0,0.0,-2.9999177851043237,2.9986928456446367,0.0
1790323447.7836466,3.0938897681429083,-1.0005130392908226,-1.2477602938465262,0.0,0.0,0.0,-2.9999177851043237,2.9986928456446367,0.0
1790323447.7845237,3.093889764674943,-1.0005130366002166,-1.2477602906919365,-2.307977191197233e-07,1.7906341724031002e-07,2.099421543732271e-07,-2.9999177859296067,2.9986928591778046,0.0
1790323447.8007236,3.093888293277987,-1.000511895023223,-1.2477589522547652,-0.00013492612180125986,0.00010468185072544175,0.00012273379802677759,-2.999918136080095,2.998698601062867,0.0
1790323447.8209224,3.093876016209489,-1.000502369912483,-1.2477477845785192,-0.0008594018714472214,0.0006667632421238843,0.0007817437743361988,-2.99992105745438,2.9987465102432305,0.0
1790323447.840723,3.0938386500758863,-1.0004733795585932,-1.24771379495936,-0.002381490865109408,0.0018476694350611515,0.0021662923008319997,-2.9999299464731504,2.998892324547917,0.0
1790323447.8607442,3.0937585240513794,-1.0004112141274328,-1.2476409093596172,-0.004832329705177613,0.0037491421979417624,0.004395666088321203,-2.9999489954892296,2.9992049977129636,0.0
1790323447.8807719,3.0936159254312154,-1.000300579601884,-1.2475111963728924,-0.00827608335103066,0.006420963638260717,0.0075282319605114835,-2.9999828556678776,2.9997614436059576,0.0
1790323447.901069,3.0933902985880053,-1.0001255279869325,-1.2473059578391366,-0.01272433455628066,0.009872120185541329,0.011574526019109632,-3.000036323830861,3.0006418492951794,0.0
1790323447.9216142,3.093057283436731,-0.9998671596154904,-1.2470030349227246,-0.01821703167951648,0.014133605601813322,0.016570886770768397,-3.0001150005262582,3.0019412181641334,0.0
1790323447.9415371,3.0926101063787925,-0.9995202192202457,-1.2465962661074785,-0.0244690205354903,0.01898418424007871,0.0222579274065341,-3.000220198651911,3.0036858948442013,0.0
1790323447.9617274,3.0920288268973417,-0.9990692360370472,-1.246067512760679,-0.03150376410309756,0.02444205975150294,0.02865699072107529,-3.0003561732466606,3.0059535489685083,0.0
1790323447.980827,3.0913039482964546,-0.9985068420952474,-1.2454081363359586,-0.039177096016289666,0.030395381281641886,0.035636937647940924,-3.0005245177642994,3.0087810420655705,0.0
1790323448.000814,3.090409270459291,-0.9978127101469909,-1.2445943042365928,-0.0475681749910151,0.036905563779474945,0.04326977388717889,-3.0007304271375372,3.012270306217557,0.0
1790323448.0212407,3.0893268924513975,-0.9969729518293475,-1.2436097331095552,-0.056604474905773215,0.04391633816587178,0.05148952699232215,-3.00097677511827,3.0164907821232276,0.0
1790323448.0410259,3.088075940488592,-0.9960024061345188,-1.2424718208691856,-0.06590495243654715,0.05113207361833426,0.05994958584207674,-3.0012577247708454,3.0213674439954974,0.0
1790323448.0616093,3.086611762232168,-0.9948664297377537,-1.2411399500942826,-0.07572764484703584,0.05875296723701896,0.06888467068915101,-3.0015814335819773,3.0270737940145462,0.0
1790323448.0809736,3.084979104388647,-0.9935997391786668,-1.239654824046508,-0.08555989941020704,0.06638127961069641,0.07782845362448554,-3.0019358668716234,3.033434783503723,0.0
1790323448.1014006,3.0831112955102897,-0.9921506077015583,-1.2379557959075,-0.09581145066008474,0.07433490151362773,0.0871536443567117,-3.00233291172916,3.040709369215209,0.0
1790323448.1209173,3.0810673050776836,-0.9905647865240704,-1.2360965065010188,-0.10594576501038286,0.08219756567274082,0.09637219206265031,-3.002757088545148,3.048666959180015,0.0
1790323448.1408262,3.078809530054409,-0.9888131014922837,-1.234042750712329,-0.11615952001501949,0.09012186352151927,0.10566300193024003,-3.0032130940506163,3.0574529602540084,0.0
1790323448.1612077,3.0763254208515893,-0.9868858160616956,-1.2317831129705537,-0.12641799593413086,0.09808085789926412,0.11499449159809055,-3.0036996057013656,3.0671149688025703,0.0
1790323448.1808202,3.0736827232160255,-0.984835490478307,-1.2293792173162712,-0.13631288661830143,0.10575776623776209,0.12399525066911596,-3.004199683384191,3.077388282185751,0.0
1790323448.2010372,3.0708114215273037,-0.9826078034244468,-1.2267673749477896,-0.14617904411679786,0.11341238205785531,0.13296987297018092,-3.004722574588083,3.08854374767162,0.0
1790323448.220799,3.0677591340035195,-0.9802396992896213,-1.2239909011600574,-0.15572557445179855,0.12081901651918774,0.14165375056440588,-3.0052550730693386,3.1003948278187403,0.0
1790323448.2407293,3.0645206236804925,-0.9777271149977169,-1.2210450322164796,-0.1649587384265204,0.1279825270389813,0.15005257851029588,-3.005793743096948,3.1129603490985787,0.0
1790323448.2618568,3.0610166345957777,-0.9750085601514786,-1.2178576739579927,-0.1741105243841951,0.1350829007745922,0.15837738199765503,-3.006346047703567,3.1265458307395892,0.0
1790323448.2808442,3.0574713307061177,-0.972257951391689,-1.2146327342226355,-0.18236622190518634,0.14148804815438132,0.16588707025207605,-3.006872571278742,3.1402806640110184,0.0
1790323448.301232,3.0536948918229676,-0.9693280175422672,-1.2111975455360078,-0.19043719940141438,0.1477498812982025,0.17322873032998162,-3.0073976883248235,3.1548987861580517,0.0
1790323448.321597,3.04974890704206,-0.9662665422379871,-1.2076081316208342,-0.19803653602082413,0.15364579389822028,0.18014136839685246,-3.007906994981923,3.1701596202705105,0.0
1790323448.3407438,3.045737774132466,-0.9631545220385376,-1.203959456554735,-0.2048813450721813,0.1589563095329054,0.186367660240278,-3.008383452285985,3.1856579812572186,0.0
1790323448.361832,3.0414450105172226,-0.9598239998685673,-1.2000545997672334,-0.2115397988477845,0.16412224222918062,0.19242443642231635,-3.0088472784795908,3.202228161256838,0.0
1790323448.380945,3.037227031316927,-0.9565514988649773,-1.1962177696535676,-0.21712601732784037,0.1684562857875207,0.1975058676641514,-3.009256610552434,3.218492952577132,0.0
1790323448.4013853,3.032762729728371,-0.9530878896969062,-1.1921568755718104,-0.22244828557634702,0.172585544695054,0.20234719999870723,-3.009639728527553,3.2356892497558585,0.0
1790323448.4212103,3.0282512843650453,-0.9495877042341406,-1.188053097766327,-0.2270172876231591,0.176130385262914,0.20650333349537844,-3.0099745296313567,3.2530477006463157,0.0
1790323448.4408252,3.023663659006075,-0.9460284148497187,-1.183880023815114,-0.23091765622738458,0.17915646945289898,0.2100512532466286,-3.0102610035646182,3.2706789121802973,0.0
1790323448.4621925,3.018886754860805,-0.9423222743338168,-1.1795347748690357,-0.23429572582649458,0.18177733020833126,0.2131240704769781,-3.010501448369017,3.2890154100658497,0.0
1790323448.4807177,3.0142638033283804,-0.9387355772898041,-1.175329566921974,-0.23667276376031365,0.18362154485582216,0.215286312226574,-3.0106779488225968,3.30673909722176,0.0
1790323448.5008492,3.009482377549537,-0.9350259286839604,-1.170980204930517,-0.23856910778869836,0.18509281520623203,0.21701129699498356,-3.010802351874813,3.3250473885800593,0.0
1790323448.5207844,3.0046780762035774,-0.9312985321678516,-1.1666100344759043,-0.23973970285498328,0.18600101634884283,0.21807611362587578,-3.0108678005832625,3.343419396703145,0.0
1790323448.540957,2.9998632508422927,-0.9275629706397605,-1.1622302909871451,-0.24019334823216215,0.18635297516172394,0.2184887662638891,-3.0108735094288126,3.3618072741464724,0.0
1790323448.561582,2.9949904892551866,-0.9237824595402887,-1.1577978465614325,-0.23994879881741007,0.1861632425511069,0.21826631505817157,-3.010818258166205,3.380391192730399,0.0
1790323448.5807822,2.9902351644468665,-0.9200930612600569,-1.1534722269795372,-0.2389311162795178,0.18537367793534132,0.2173405933269539,-3.0107051539067244,3.3985024064816267,0.0
1790323448.60133,2.9854486082414535,-0.916379432234846,-1.149118198162042,-0.23725867834114558,0.18407612416092156,0.21581928183145396,-3.010532275917786,3.4167074502183263,0.0
1790323448.6215749,2.980698870481813,-0.9126943686422795,-1.1447976607665693,-0.23490792958278123,0.18225230585702948,0.2136809536895978,-3.0103021954680784,3.4347471964692216,0.0
1790323448.6407125,2.976084933267768,-0.9091146653183738,-1.1406006525773942,-0.23182853305972612,0.17986316932182664,0.21087982055201565,-3.0100228748031403,3.4522467358390663,0.0
1790323448.6610458,2.971474005377642,-0.9055372967654753,-1.136406381780721,-0.22810557346433183,0.17697472714757428,0.20749327860639166,-3.009688793192098,3.4697104868038844,0.0
1790323448.6809394,2.966937471030585,-0.9020176461226929,-1.1322797821063448,-0.22371634565582454,0.17356936364855147,0.20350067441568423,-3.009306511388835,3.486868384062913,0.0
1790323448.700904,2.962529559344889,-0.8985977868179897,-1.1282701823688994,-0.21870879711438782,0.16968427867083793,0.1989456227838323,-3.0088841660912298,3.5035166321024382,0.0
1790323448.7216763,2.958180202259306,-0.8952233568476987,-1.1243138460645665,-0.2130492681144724,0.1652933574612759,0.19379750557772643,-3.00841826969726,3.5199210595300494,0.0
1790323448.7408686,2.9540296458414694,-0.8920031655196156,-1.1205383462111513,-0.20687227964734803,0.16050096755181106,0.18817868807365556,-3.0079281457648275,3.535554431935803,0.0
1790323448.7614808,2.9499215544576605,-0.8888159205053658,-1.1168014741255847,-0.20004585654700258,0.15520471657806417,0.1819691207722824,-3.0073992713156947,3.5510071989736494,0.0
1790323448.7811735,2.946019953522074,-0.8857888802163997,-1.1132524334000833,-0.19277444797467314,0.14956322554160037,0.1753547782034233,-3.0068566804228425,3.565664009862969,0.0
1790323448.8021977,2.9421656042291136,-0.8827984999109408,-1.109746374518906,-0.18481594743707372,0.14338865716190322,0.168115431333209,-3.0062821222067435,3.580124724814418,0.0
1790323448.8217347,2.938608998905478,-0.8800391229822557,-1.1065111545806021,-0.1766426976536917,0.1370474765043892,0.1606807405947632,-3.005717978995131,3.5934518150780557,0.0
1790323448.8410165,2.9352401050836536,-0.8774253812141278,-1.1034466839771409,-0.1681198516908286,0.13043506315608344,0.1529280442224922,-3.005153551336824,3.6060607381870704,0.0
1790323448.8612857,2.931967042903154,-0.8748859900123537,-1.1004693853842122,-0.15905796287097346,0.12340443572783133,0.14468501450146537,-3.0045771798731895,3.618297090748336,0.0
1790323448.8807857,2.928914866838802,-0.8725179723528483,-1.0976930129841076,-0.14975846536624488,0.11618946062435684,0.13622584711970026,-3.0040148481740694,3.6296952183148052,0.0
1790323448.9022894,2.925961882804884,-0.8702269124031209,-1.0950068693289383,-0.1398747525124259,0.10852122455741506,0.12723525581718714,-3.0034479660527866,3.6407114040293935,0.0
1790323448.9218369,2.9232921582184055,-0.8681556180762202,-1.092578388959032,-0.1300395618810982,0.10089063424789949,0.11828880212550638,-3.002916144932666,3.6506610642534274,0.0
1790323448.9420328,2.920837637704679,-0.8662512889026821,-1.090345666184815,-0.12009508849657265,0.09317525738479229,0.109242940793707,-3.002411013311118,3.6598004101126698,0.0
1790323448.9618137,2.918579931295709,-0.864499657105008,-1.0882919728102376,-0.11002735565588168,0.08536425020326772,0.10008495809507519,-3.0019327028789093,3.6681998766982975,0.0
1790323448.9811833,2.9165174273718573,-0.8628994723150402,-1.0864158428463833,-0.09987344078844104,0.07748637906731395,0.09084858103274661,-3.0014842906467813,3.675867186622522,0.0
1790323449.0011322,2.9146562152527653,-0.8614554589052076,-1.0847228153639452,-0.0897148701303594,0.06960489575623446,0.08160796889080016,-3.0010702539617213,3.6827813111284033,0.0
1790323449.020706,2.91299081147171,-0.86016336255146,-1.083207902398486,-0.07958234390331398,0.061743618904849536,0.07239104772800431,-3.000692227630565,3.6889640884083033,0.0
1790323449.0407157,2.9115267818059505,-0.859027501438122,-1.081876166787155,-0.0695835638539386,0.053986108449615065,0.06329578704234819,-3.000354023668464,3.694396176030615,0.0
1790323449.060704,2.9102594918888514,-0.8580442800117912,-1.0807233929384048,-0.059780071511559285,0.04638011112111373,0.05437816728839172,-3.000056821432848,3.699095942519666,0.0
1790323449.0809166,2.9091825394633046,-0.8572087311088533,-1.079743757122032,-0.05022565489860238,0.038967358124979694,0.04568711604363025,-2.9998010137799977,3.7030881240436653,0.0
1790323449.1012123,2.9082941123424324,-0.8565194487519213,-1.0789356109057302,-0.041041472709851395,0.03184184991295802,0.037332843744533856,-2.9995877437688487,3.7063802672491963,0.0
1790323449.1212797,2.907582832213383,-0.8559676051259534,-1.078288604154678,-0.03226702460598816,0.025034232126737343,0.02935128074551715,-2.999415537265128,3.7090152004471726,0.0
1790323449.1407702,2.907047084311498,-0.8555519474227415,-1.077801268019132,-0.024121803307689163,0.01871479724870841,0.02194208575527237,-2.9992849705855376,3.710999418773416,0.0
1790323449.1617846,2.9066580213621216,-0.8552500946084355,-1.0774473619495681,-0.016357076728122505,0.012690567560128204,0.014879002854632457,-2.9991896903697848,3.712440122284044,0.0
1790323449.1806762,2.90642412951343,-0.8550686306245634,-1.0772346052606923,-0.009593612452659288,0.007443162919620117,0.008726705232354236,-2.9991322239590055,3.7133061260232347,0.0
1790323449.2010643,2.9063127900760213,-0.8549822484013809,-1.0771333267844359,-0.0034153174312438355,0.002649759325633437,0.0031066992381052053,-2.9991048188965252,3.713718343065537,0.0
1790323449.2213256,2.9063143370675872,-0.8549834486281276,-1.0771347339852648,0.0018971833671060647,-0.0014719215477464228,-0.0017257482620042567,-2.999105199890728,3.7137126156850555,0.0
1790323449.2408404,2.9064085470534318,-0.8550565410400586,-1.0772204308779072,0.006186577531819791,-0.004799829544028715,-0.005627540072499156,-2.9991283904117934,3.7133638186937845,0.0
1790323449.2615235,2.9065768219583834,-0.85518709640062,-1.0773734999643194,0.009458599901992333,-0.00733841401343662,-0.00860389281543904,-2.9991697558787007,3.712740778229055,0.0
1790323449.28078,2.906792000499988,-0.8553540417457517,-1.0775692343359318,0.011527436353233902,-0.008943511867516693,-0.01048578308076201,-2.9992225452941175,3.7119440197707325,0.0
1790323449.301443,2.9070386951658,-0.8555454387401688,-1.077793636941474,0.012526810807420458,-0.00971887223535731,-0.011394851100912014,-2.999282920212278,3.7110304860403724,0.0
1790323449.321859,2.9072950549699903,-0.8557443343905868,-1.0780268313148795,0.012764326011169903,-0.009903147383651651,-0.011610903727755745,-2.9993454949412532,3.710081073098883,0.0
1790323449.3407633,2.9075433408838283,-0.855936965947934,-1.0782526813785651,0.01251331846236726,-0.009708404257533873,-0.011382577964096847,-2.999405938030799,3.7091614755919,0.0
1790323449.3617992,2.9077909075191886,-0.8561290394561711,-1.0784778771599057,0.011937263761242926,-0.009261474697658506,-0.010858577271007372,-2.9994660483867936,3.708244458197072,0.0
1790323449.3813848,2.9080194155570434,-0.8563063264335833,-1.0786857365350289,0.011189650305435523,-0.008681442016545497,-0.010178520380157204,-2.9995213915276273,3.707397961855496,0.0
1790323449.40124,2.9082322192006127,-0.8564714292242988,-1.0788793106114225,0.010345728059940764,-0.008026688575575775,-0.00941085744695015,-2.999572810567604,3.706609577493274,0.0
1790323449.4212906,2.9084284695759717,-0.8566236892331375,-1.0790578272219227,0.009463387993309532,-0.007342128833470623,-0.008608248240648621,-2.99962012680405,3.7058824640512373,0.0
1790323449.4407554,2.9086050698402177,-0.8567607037878652,-1.0792184693635183,0.008596626770871136,-0.006669655870563215,-0.007819810128061731,-2.9996626208104162,3.7052281099195348,0.0
1790323449.4616218,2.908768142465163,-0.8568872229818796,-1.0793668062633448,0.007743281013485173,-0.006007591238461757,-0.007043575219392564,-2.9997017886245887,3.704623841750582,0.0
1790323449.480809,2.9089114562823593,-0.8569984123899662,-1.0794971698197808,0.006956126706050047,-0.005396880957842025,-0.006327550505316589,-2.999736154251016,3.704092760214194,0.0
1790323449.5010946,2.9090414457898057,-0.8570992641896961,-1.0796154130905382,0.006215275032420897,-0.0048220943763218815,-0.005653644381990454,-2.999767279176264,3.7036110306847583,0.0
1790323449.5226264,2.9091593911511446,-0.8571907715905206,-1.0797227005598842,0.005522482637151082,-0.004284594379015419,-0.0050234547583660315,-2.9997954826717335,3.703173915761266,0.0
1790323449.5407033,2.909259948206468,-0.857268788348982,-1.079814170982019,0.00491784165183403,-0.0038154862736170395,-0.004473450922344496,-2.9998194999967116,3.7028012283201246,0.0
1790323449.560661,2.9093510517397663,-0.8573394706330787,-1.079897042130363,0.004360001176291302,-0.0033826881422441206,-0.003966018563494556,-2.999841236990103,3.702463565901504,0.0
1790323449.5807989,2.9094321118504953,-0.8574023607710133,-1.0799707774095317,0.003855932510821952,-0.0029916086382219893,-0.003507499034784425,-2.9998605597327055,3.7021631185120456,0.0
1790323449.6006415,2.9095032029643124,-0.8574575165056117,-1.08003544451986,0.0034082309556791516,-0.0026442613140790373,-0.003100253117453728,-2.9998774922181406,3.7018996136109394,0.0
1790323449.6207123,2.909566334597859,-0.8575064969117089,-1.0800928713921165,0.0030065541377113764,-0.002332622084130438,-0.0027348730058040496,-2.9998925180304687,3.7016656053925425,0.0
1790323449.6412282,2.90962243626328,-0.8575500231473008,-1.0801439035449774,0.002646458541150272,-0.00205324346579729,-0.002407316713305818,-2.999905862064853,3.701457650403314,0.0
1790323449.661765,2.9096716389201687,-0.8575881968168237,-1.0801886601041393,0.0,0.0,0.0,-2.999917558483996,3.7012752648056044,0.0
1790323449.6808014,2.9096716389201687,-0.8575881968168237,-1.0801886601041393,0.0,0.0,0.0,-2.999917558483996,3.7012752648056044,0.0
1790323449.7143214,2.9096716389201687,-0.8575881968168237,-1.0801886601041393,0.0,0.0,0.0,-2.999917558483996,3.7012752648056044,0.0
1790323449.7319689,2.9096716389201687,-0.8575881968168237,-1.0801886601041393,0.0,0.0,0.0,-2.999917558483996,3.7012752648056044,0.0
1790323449.7409132,2.9096716389201687,-0.8575881968168237,-1.0801886601041393,0.0,0.0,0.0,-2.999917558483996,3.7012752648056044,0.0
1790323449.7607238,2.9096697313726416,-0.8575875483978362,-1.080187830996653,-0.0001491493506782433,5.069927201152997e-05,6.482713614062938e-05,-2.9999134781928514,3.7012816363565952,0.0
1790323449.7809277,2.9096540685515597,-0.8575822242470913,-1.0801810232175373,-0.0010955836036988264,0.00037241389843642735,0.0004761907920321283,-2.9998799745814244,3.701333952779388,0.0
1790323449.800672,2.909604687696706,-0.857565438566289,-1.0801595600372702,-0.0032073863420217646,0.001090263898977072,0.0013940769443819463,-2.99977434102599,3.701498890583831,0.0
1790323449.8208482,2.9094922612663576,-0.8575272222539307,-1.0801106943635488,-0.006842621377523685,0.0023259633442164656,0.002974116518663037,-2.999533813055824,3.7018743940778567,0.0
1790323449.840768,2.909285377790269,-0.8574568978336017,-1.0800207733333287,-0.012126898343293262,0.004122209818329768,0.005270905212059682,-2.9990910929417796,3.7025653330564534,0.0
1790323449.8613057,2.908944100213926,-0.8573408897880035,-1.0798724384743252,-0.019269558147361383,0.006550163078909785,0.008375432167219109,-2.9983604695269337,3.703704971894499,0.0
1790323449.881011,2.9084415848501393,-0.8571700733345439,-1.079654022291131,-0.028069764434817818,0.009541554260278633,0.012200404709634627,-2.99728396530774,3.7053827132743513,0.0
1790323449.9017262,2.90772997776452,-0.8569281818275738,-1.079344725273019,-0.03877168066070327,0.013179380099371939,0.016851947455125416,-2.9957581219412157,3.707757885882332,0.0
1790323449.921996,2.906782961305816,-0.8566062692961351,-1.0789331085638836,-0.05114069266845862,0.017383889883987272,0.022228086350176385,-2.9937249345187427,3.710917595465295,0.0
1790323449.9413154,2.905592234145506,-0.8562015139289975,-1.0784155640262985,-0.06481197347172364,0.022031070586011683,0.028170250884054553,-2.9911643447775926,3.714888490202669,0.0
1790323449.9608934,2.904105886402183,-0.8556962703714505,-1.077769529249274,-0.08007815888248328,0.02722039580398732,0.03480563397806264,-2.9879615243901263,3.719842174557559,0.0
1790323449.9808831,2.9022747616508906,-0.8550738292315412,-1.07697363860005,-0.09704253989348606,0.032986976506308927,0.042179130626504684,-2.9840058279076143,3.7259402416896283,0.0
1790323450.00147,2.900062674951082,-0.8543218904212359,-1.0760121644468505,-0.11560590513806761,0.039297088482697355,0.05024761902734542,-2.9792125291940876,3.7333000737331625,0.0
1790323450.0212595,2.897494548444938,-0.8534489255460752,-1.0748959390936506,-0.13516153198971778,0.0459444928502001,0.05874738975020811,-2.9736276792203657,3.7418349361258283,0.0
1790323450.0407476,2.894534515970519,-0.8524427428781572,-1.073609373464451,-0.15581263315141972,0.05296427396473167,0.06772330376108017,-2.9671638468406734,3.7516594555970224,0.0
1790323450.0613577,2.891062925816622,-0.8512626700670806,-1.0721004614476837,-0.1782416091874791,0.06058839536936651,0.07747196358678217,-2.95954651684493,3.7631642991158736,0.0
1790323450.0824368,2.8871754049611646,-0.8499412129074937,-1.0704107669059335,-0.2013506391093902,0.06844368262745315,0.08751620596541236,-2.9509699692691944,3.7760248741734967,0.0
1790323450.1018586,2.882803999275572,-0.8484552722384999,-1.0685107538638547,-0.22547809215262762,0.07664515517308018,0.09800310165788387,-2.941267187409996,3.7904574005931364,0.0
1790323450.1217659,2.8779865337558745,-0.8468177056404633,-1.0664168627964217,-0.25018144202961035,0.08504238821040151,0.10874030847993417,-2.930502480710613,3.8063269847728494,0.0
1790323450.1418214,2.872628905552304,-0.8449965254047164,-1.0640881922969205,-0.27593794176077346,0.0937976109451857,0.11993526244377951,-2.918442462214636,3.8239316515209136,0.0
1790323450.1620724,2.866724325073017,-0.842989423593865,-1.0615217912978958,-0.3025477369266441,0.1028428882940444,0.13150109766900844,-2.905043766758438,3.843278943430721,0.0
1790323450.1808517,2.8603552675779587,-0.8408244354331325,-1.0587535073231915,-0.329397720804544,0.11196981127387565,0.14317132990477324,-2.8904650299822565,3.8640832533551226,0.0
1790323450.2008097,2.8534162789871673,-0.8384657146713593,-1.0557375052017708,-0.3570196117725419,0.12135912310991447,0.15517706830124384,-2.874433223537056,3.8866716160241253,0.0
1790323450.2210698,2.845864046803472,-0.835898538401167,-1.0524549593394363,-0.3854540777290276,0.13102464774999031,0.16753598898891184,-2.856809111642174,3.9111630970431057,0.0
1790323450.241037,2.837743386161083,-0.8331381403105953,-1.0489253484452368,-0.414311270877806,0.14083386702106016,0.1800786462675908,-2.837655106216772,3.937388126880678,0.0
1790323450.2623212,2.8288612440335394,-0.8301188972651375,-1.045064762835544,-0.44430995427753495,0.1510311049088272,0.19311744746888895,-2.816464550520618,3.9659400584472424,0.0
1790323450.2807448,2.8197830552168055,-0.8270330134708126,-1.0411189663593454,-0.47286646232980684,0.16073811444563846,0.20552941323870028,-2.794547692182809,3.994977226485394,0.0
1790323450.300796,2.809924170311644,-0.8236817532389399,-1.0368338436213904,-0.5027242673076084,0.17088746453904774,0.21850698222815168,-2.7704512344305527,4.026342847626028,0.0
1790323450.3212318,2.7993474117137267,-0.8200864713371538,-1.0322367001109651,-0.5332511338950184,0.18126424396006552,0.23177535602402924,-2.7442604804709942,4.059793843111592,0.0
1790323450.3407788,2.7883519865771595,-0.8163488751133234,-1.0274575849555059,-0.5631910996260437,0.19144152237067785,0.24478863583830446,-2.716662103422232,4.0943473141659545,0.0
1790323450.3619702,2.7763950789702623,-0.8122844490301877,-1.0222605654999772,-0.5945660658749164,0.2021065902437333,0.2584256325746408,-2.686223684233817,4.1316611806311965,0.0
1790323450.3818195,2.764018751471438,-0.8080774525430161,-1.016881246957591,-0.6252328405645332,0.21253092762526637,0.2717548168369915,-2.654252118024936,4.1699920612588635,0.0
1790323450.4011552,2.7511888614804576,-0.8037162798019118,-1.0113047893911753,-0.6553841592772184,0.2227800497432693,0.2848599603332307,-2.6206123399451817,4.209408241748626,0.0
1790323450.4226184,2.737320719966534,-0.7990021816465247,-1.0052770601797938,-0.6869458653236831,0.23350859474009644,0.2985781227348973,-2.583685837653119,4.251641237872667,0.0
1790323450.4432054,2.7229958371231997,-0.7941328266777931,-0.9990508102761789,-0.7178139606483385,0.24400136560518768,0.31199481016207103,-2.5449322210239953,4.294850205975868,0.0
1790323450.460969,2.7087551528955527,-0.7892920927422763,-0.9928611569457119,-0.7464195569472951,0.25372506135859935,0.32442811193124316,-2.505796038671881,4.337378767484127,0.0
1790323450.4810092,2.693379426918786,-0.7840655321831674,-0.9861781625067453,-0.7769019833628176,0.2640867345498383,0.3376771699938645,-2.4628632781705773,4.382809932950159,0.0
1790323450.5008247,2.6774772041261437,-0.7786600033271139,-0.9792663284475914,-0.8069127347024331,0.27428807460609717,0.3507212164743305,-2.4177275881902993,4.429253785744593,0.0
1790323450.521057,2.6608703498802075,-0.7730149541408948,-0.9720482292994915,-0.8370059752188905,0.28451745461825084,0.36380111652756103,-2.3698046061712814,4.477153861562344,0.0
1790323450.5409913,2.6436638729611,-0.7671660795080801,-0.964569506685785,-0.8667956904522969,0.2946436594518483,0.37674909059682304,-2.3193120793052646,4.526121304606793,0.0
1790323450.5609126,2.6260053987704977,-0.7611635606755972,-0.9568943253646073,-0.8958844700538431,0.30453160024942616,0.38939240595033564,-2.266615555385804,4.575659530081367,0.0
1790323450.5810544,2.607557396327135,-0.7548926631511151,-0.9488759789187013,-0.9251951372649951,0.3144949657151256,0.4021321638174127,-2.2106253763553276,4.6266220398970574,0.0
1790323450.6008632,2.5887037050813446,-0.7484838627336416,-0.9406813015460689,-0.9536630364974318,0.32417185508956975,0.41450561613744724,-2.1524273739398376,4.677852804684616,0.0
1790323450.6211095,2.5691658285294796,-0.741842492098589,-0.9321892459161345,-0.9820375565965848,0.33381700276311466,0.4268384816110855,-2.0910909161738913,4.730014210538738,0.0
1790323450.640788,2.549112765384354,-0.7350259977696708,-0.9234732666065646,-1.0098392783001875,0.34326744317489943,0.4389223826782367,-2.0270674040759644,4.782547612346502,0.0
1790323450.6615436,2.5282973717186894,-0.7279503698793405,-0.9144259435518525,-1.0375715929121612,0.3526942905304486,0.45097611624577916,-1.959482831464432,4.835980346739731,0.0
1790323450.6816516,2.507078603037484,-0.7207376256050464,-0.9052032952481247,-1.0644588601401765,0.3618338869728217,0.4626625535324056,-1.8894277677263676,4.889273642729094,0.0
1790323450.7009199,2.485666830783233,-0.7134592750065909,-0.895896758755487,-1.0900624085311659,0.3705371180524975,0.4737910278414134,-1.8175699850153664,4.941824669268685,0.0
1790323450.721108,2.463461633782346,-0.7059112212088423,-0.8862453635434939,-1.115872542381931,0.37931057224994863,0.48500929364910816,-1.741837725944854,4.994994861446205,0.0
1790323450.7417336,2.4406366413176617,-0.6981524847720629,-0.87632457684754,-1.1412500602519542,0.38793697039127606,0.49603952474560453,-1.6627333929446293,5.048211750648543,0.0
1790323450.7624052,2.417008337623532,-0.6901206844946004,-0.8660546343141802,-1.1664482383308554,0.39650240684010357,0.5069918065583684,-1.5795326194801196,5.101736353993455,0.0
1790323450.7810793,2.3937706872604103,-0.6822216762098684,-0.8559544876033159,-1.1892590700922758,0.40425632973030423,0.5169064383643803,-1.4964374076383147,5.1527932522202216,0.0
1790323450.8008008,2.369646851790494,-0.6740214333600667,-0.8454691642738289,-1.2124796534631346,0.412149536554425,0.5269991669790484,-1.4088760032838201,5.204105698357501,0.0
1790323450.8209984,2.3449101103866252,-0.6656128497798383,-0.8347174439654671,-1.2352368737267365,0.4198852356716193,0.5368904967736738,-1.3177560878357446,5.254899887911589,0.0
1790323450.840804,2.3199127238013086,-0.6571156669472991,-0.8238524353284248,-1.256909809541567,0.427252361731296,0.5463105469062948,-1.2243454142644603,5.304321896997909,0.0
1790323450.8625276,2.2938905572001875,-0.6482701379735459,-0.8125420103801699,-1.278723152086559,0.4346672152465222,0.5557916242319266,-1.125730534495164,5.353697624892999,0.0
1790323450.8808649,2.2685385761447048,-0.6396524203789375,-0.801522878752396,-1.2978861444592353,0.4411811541838361,0.5641207380346877,-1.0283533017866235,5.399734700683456,0.0
1790323450.901275,2.242042048429132,-0.6306456452243333,-0.7900062747466621,-1.3177580715789405,0.4479360762391762,0.5727579873348642,-0.9252573896962935,5.44563455401202,0.0
1790323450.9219654,2.215082796645169,-0.6214815795867138,-0.7782885496764336,-1.3368127811588408,0.45441320738121493,0.5810400364784952,-0.8190289027177406,5.489975587160112,0.0
1790323450.9407418,2.188514591010946,-0.6124504394698864,-0.7667407911657054,-1.3538199994033564,0.46019434943793824,0.5884321521497896,-0.7130828481235476,5.531309266774018,0.0
1790323450.960963,2.161083536536126,-0.6031259973180496,-0.7548179990460218,-1.3710179801424114,0.46604033602503503,0.5959071819346741,-0.6024454261765022,5.57148756131012,0.0
1790323450.9807947,2.133363295127789,-0.5937032539202611,-0.7427695130455135,-1.387244080296107,0.4715559581959559,0.6029597879226526,-0.4894145534682557,5.609476313633844,0.0
1790323451.0010934,2.1051840573959875,-0.5841244871851274,-0.7305215262291181,-1.4027074794568575,0.4768123208734294,0.6096808891412203,-0.3733156582690804,5.645366453153794,0.0
1790323451.0219698,2.0762632076356926,-0.5742892206577989,-0.7179455633631874,-1.4171593423862359,0.48190389259166144,0.6161912787356242,-0.25299991853281667,5.679317199473824,0.0
1790323451.0407643,2.0484378793301694,-0.5648211815364628,-0.7058391595283494,-1.4287200181750372,0.48606393518784324,0.6215105592111361,-0.13620721944678627,5.709195693542001,0.0
1790323451.0615926,2.019293593576634,-0.5548916554959239,-0.6931426707839788,-1.4402555557026375,0.4904984428934235,0.6271807872704466,-0.01289796335879001,5.737548167611384,0.0
1790323451.0807595,1.9906070002475662,-0.5451066551535806,-0.680630981283089,-1.4500441344898671,0.49430882661445885,0.6320529728942461,0.10938331173044613,5.762483947154985,0.0
1790323451.1014602,1.9611448091152528,-0.5350379121128712,-0.6677564813155773,-1.4585647696317436,0.49806690967234984,0.6368582837469614,0.23579529099738772,5.785018255992189,0.0
1790323451.1215568,1.9317946119497937,-0.5249879409998842,-0.6549059842630147,-1.4658287809123625,0.5013867269662693,0.6411032016547781,0.36247415156364404,5.804344027078528,0.0
1790323451.140922,1.9027838350014665,-0.5150371864781214,-0.6421823515067528,-1.4718543489634046,0.5041773798749988,0.644671498177741,0.48834813559687074,5.8203553491565945,0.0
1790323451.1615567,1.8727773793716678,-0.5047234424669507,-0.6289945785742354,-1.477476586692219,0.5069935633736183,0.648272439647286,0.6191297609059749,5.833673118823888,0.0
1790323451.180723,1.8435513163893733,-0.4946633728181714,-0.6161311689269027,-1.4818418279054222,0.509137391106106,0.6510136666267281,0.747026167800823,5.843437670320244,0.0
1790323451.2012863,1.813624427938443,-0.48434350724999486,-0.6029355686037013,-1.4854187051953653,0.5112128591303358,0.6536674847748805,0.8784123975204594,5.85015157623029,0.0
1790323451.2222228,1.7831433181113285,-0.4738125319305352,-0.5894700306651446,-1.48829976887676,0.5130317707700132,0.6559932545111075,1.0125751634323517,5.853561231873158,0.0
1790323451.2407086,1.754337340050756,-0.4638550299652086,-0.5767377702220315,-1.4903480823012818,0.5139286556947723,0.6571400654772812,1.1396517240723882,5.853551327259037,0.0
1790323451.261553,1.7240995349224773,-0.4533914564509086,-0.5633584162822949,-1.492373835591907,0.5150532637073675,0.6585780568693629,1.2732289262141245,5.850169343576098,0.0
1790323451.2822108,1.6934030018338284,-0.44276071613302864,-0.5497653128210382,-1.4939915615688515,0.5158564561978662,0.6596050670583234,1.4089417725757458,5.843185816528765,0.0
1790323451.30085,1.664513504411442,-0.4327630727781768,-0.5369817251848437,-1.4948424881015256,0.5157728147481953,0.6594981180740543,1.5367374459992384,5.833291776398298,0.0
1790323451.321066,1.6344906003275186,-0.4223771746889679,-0.5237016917117995,-1.495829979566683,0.5158155115304786,0.6595527127458916,1.6695129230006436,5.819603753873311,0.0
1790323451.340938,1.6046068832086369,-0.412049531892377,-0.5104961469569484,-1.4964111424750512,0.5154520939970264,0.6590880252467963,1.8015691382560792,5.8025098584796275,0.0
1790323451.363257,1.5737676124119824,-0.40140183149851394,-0.4968813573232657,-1.4965857933836952,0.5148765997001179,0.6583521636524649,1.9376369737280574,5.781241978788343,0.0
1790323451.382441,1.5441516225024754,-0.3911996983113655,-0.4838362966979784,-1.4963409204981086,0.513671658642195,0.6568114536007372,2.0680629786591127,5.75730555477891,0.0
1790323451.4013324,1.5147781166379906,-0.3811075833936898,-0.4709319120439644,-1.4957017490300093,0.5121142367677044,0.6548200403934021,2.1971065474733633,5.730155555070205,0.0
1790323451.421423,1.4847643498339247,-0.3708232645655652,-0.457781763918897,-1.4948226305006411,0.5104341534688783,0.6526717849171525,2.3285455372393047,5.698910289312424,0.0
1790323451.440747,1.4552067674561397,-0.3607293383316302,-0.44487506320705666,-1.4935107916282853,0.5083020498090821,0.649945549041652,2.457505438632256,5.664663128311552,0.0
1790323451.4612966,1.425068537996039,-0.3504725117313615,-0.4317600682967655,-1.4915648572115638,0.5059622642945342,0.6469537586653125,2.5884110697913867,5.62619886220016,0.0
1790323451.480713,1.395472151403004,-0.34043789742383096,-0.4189292073785796,-1.4882834693030258,0.5031876627226597,0.6434059863463124,2.7163014968010875,5.584944571788219,0.0
1790323451.501296,1.365530343693064,-0.3303217523234415,-0.4059940962887716,-1.483956373286793,0.500156703863368,0.6395304201929498,2.844910875145175,5.539722871529519,0.0
1790323451.5216825,1.3355346100435275,-0.32022330115379544,-0.3930816097221895,-1.47851993264358,0.49677675265505417,0.6352086114482349,2.972874764266245,5.490922262346831,0.0
1790323451.5408401,1.3064664521904092,-0.31046829205715853,-0.3806082688304866,-1.4708598038238143,0.49296236403580534,0.6303313049208914,3.0959408850107466,5.440322884239598,0.0
1790323451.5614977,1.2767657646857027,-0.3005251145413271,-0.36789432448937487,-1.4617079242409743,0.48896067487079686,0.6252145046592708,3.2206092765015217,5.385312438905189,0.0
1790323451.580738,1.247898514300328,-0.2908751955507724,-0.35555535812305933,-1.4500843821751435,0.4845700887296793,0.6196004373518988,3.3406184338954628,5.3287012846788775,0.0
1790323451.60092,1.2188516460525671,-0.28117001210238485,-0.34314572729965137,-1.4365151894201063,0.4799359082513802,0.6136748956853689,3.460101928155976,5.2686760383843945,0.0
1790323451.6213374,1.1901109980404327,-0.27156561549253805,-0.33086496858513265,-1.4211701040258677,0.4749764095079878,0.6073333825339733,3.576967545778878,5.206317863519549,0.0
1790323451.6407073,1.1621414822352762,-0.26221353000863284,-0.3189068300397456,-1.4043483012127687,0.46967959145391663,0.6005605526395831,3.68931262200785,5.1428494694833145,0.0
1790323451.660845,1.1340462469030128,-0.2528114915187897,-0.30688481857886885,-1.3864957398716546,0.4641367906803936,0.5934731944569258,3.800706998316793,5.076377211708668,0.0
1790323451.6809835,1.106455005697697,-0.2435689306709745,-0.29506672481544516,-1.3676350228384466,0.458295318220393,0.5860039367062383,3.9086105969340625,5.008487304074599,0.0
1790323451.7010927,1.0791904656500328,-0.23442610639748096,-0.28337616022996087,-1.347860662537165,0.45215653885083995,0.5781545244733182,4.01371694151967,4.938900029500676,0.0
1790323451.7208993,1.0526985805067994,-0.22553289226736295,-0.27200476217497466,-1.3273144361090512,0.445736867145534,0.5699459464187155,4.114337876466902,4.868939702654656,0.0
1790323451.7407122,1.026350571574127,-0.21667868954137992,-0.2606832464458395,-1.306141093208327,0.4390843582492669,0.5614396487386001,4.21288334797232,4.797102390149696,0.0
1790323451.7606885,1.0004492096650954,-0.20796578939033236,-0.24954240868108005,-1.284268878076694,0.4321601708315499,0.5525859665735062,4.308220187376499,4.7243233179433615,0.0
1790323451.780818,0.9748083691190743,-0.1993322815952926,-0.23850308675406812,-1.2616490947232721,0.4249469240601886,0.5433626757468288,4.40104718163001,4.650201288465427,0.0
1790323451.8005834,0.9500057410751671,-0.19097361347911188,-0.22781519135787892,-1.2385043360272996,0.4175084760724213,0.5338514291106151,4.48932702201473,4.576570102025559,0.0
1790323451.8208067,0.9253482858304615,-0.18265706746870025,-0.2171811558175985,-1.2147235454669887,0.40981940295583197,0.5240197181225127,4.575573952757216,4.501518133949527,0.0
1790323451.8410351,0.9012138735643828,-0.17451079516345117,-0.2067648424699215,-1.190359824979828,0.40189281329923165,0.5138843042119804,4.658488683889635,4.426300937076921,0.0
1790323451.86145,0.8774842039281298,-0.16649562754480474,-0.19651616745372066,-1.1653555105513664,0.39371313247665535,0.5034252727262494,4.738527366318681,4.350680232273844,0.0
1790323451.8814383,0.8543425831368209,-0.1586742025330534,-0.18651522337832255,-1.1398467700741137,0.3853268419823027,0.492702057697268,4.815130730783888,4.275372321084928,0.0
1790323451.9020884,0.8316994818577661,-0.15101695040492488,-0.1767242006184574,-1.1137962608850602,0.3767254030646109,0.48170374096412233,4.888665738813733,4.200222226340738,0.0
1790323451.9218698,0.8094671651438757,-0.14349477538835362,-0.1671058955713518,-1.0871315162561865,0.3678878889341748,0.47040356427621194,4.959473708399642,4.125052838548289,0.0
1790323451.9417458,0.7882307147279586,-0.13630627336287776,-0.15791424486388414,-1.0603113137866065,0.35896761513475295,0.4589975661018101,5.025796151587892,4.05199580963302,0.0
1790323451.960926,0.7677732512086876,-0.12937866846000753,-0.14905619289688776,-1.0332813434999213,0.3499517246749201,0.44746930671899576,5.088450018242563,3.980481707277132,0.0
1790323451.9809875,0.7473808160557447,-0.1224705517867301,-0.14022305975146068,-1.005650529537381,0.3407151958649949,0.43565892588173444,5.149677424462076,3.9081064071554152,0.0
1790323452.001292,0.7275170125266902,-0.11573927390855598,-0.13161604331718696,-0.977543042254059,0.33129849203260137,0.4236181624325087,5.208120792194707,3.83658320418876,0.0
1790323452.0217516,0.7079440825861995,-0.1091045695857813,-0.12313251163476609,-0.9486888099322908,0.32161327400935835,0.41123406060158135,5.264535545431723,3.765138995736117,0.0
1790323452.0410202,0.6894928993262712,-0.1028484352529479,-0.11513304229294663,-0.9200208508416627,0.3119735866666191,0.3989081770350686,5.316636038557039,3.6969272473086887,0.0
1790323452.0616055,0.6712495639809298,-0.09666129550088011,-0.10722179356856014,-0.8906851138013585,0.30209617060803867,0.38627831924535855,5.367104391444577,3.6286783824672013,0.0
1790323452.083136,0.6536600097794644,-0.09069459347174698,-0.09959240976467922,-0.8611110054185283,0.29212597456748096,0.3735298273947609,5.4147677944567745,3.5621326565955673,0.0
1790323452.1015368,0.6370606802688187,-0.08506272141697699,-0.0923911596887752,-0.831754386533087,0.2822180778298805,0.3608609951770146,5.4588404271772255,3.4986783503581984,0.0
1790323452.121982,0.6207352843968567,-0.07952284136920978,-0.08530753612160026,-0.8018846184485604,0.27212835325963436,0.3479596669648799,5.501316894768046,3.4356638440317138,0.0
1790323452.141341,0.6051184645384521,-0.07422259246873492,-0.0785303193408093,-0.7719653491932676,0.26201368144810855,0.3350264397107554,5.541135278487229,3.3748322901179613,0.0
1790323452.1618574,0.58969164992424,-0.06898609736385773,-0.07183462199457262,-0.7412039006727174,0.2516072568711571,0.3217201598368738,5.57967980986776,3.3142218245340733,0.0
1790323452.1810517,0.5754476076705746,-0.06415048134979703,-0.06565151274605836,-0.7112494715186611,0.24146734610727316,0.3087546605414426,5.614566325102535,3.2578096791808693,0.0
1790323452.200999,0.5616213491573923,-0.05945617667634858,-0.0596490926702408,-0.6810128059305617,0.2312268282297145,0.29566051894413714,5.6477788660244475,3.202648461148876,0.0
1790323452.2212396,0.5482852124895494,-0.054927824109033706,-0.05385886893078686,-0.6505214591960625,0.22089541342459568,0.2824501510724905,5.679202051578935,3.1490733610106947,0.0
1790323452.240838,0.5357402673299773,-0.050667742195472966,-0.048411672171868377,-0.620391123840892,0.2106822231431757,0.2693909521819536,5.708208531420184,3.0983522199757925,0.0
1790323452.2617052,0.5234859326788964,-0.046506009494088174,-0.04309023062627143,-0.5896428591954153,0.20025609648145185,0.2560594800384178,5.736022495000476,3.0485082336435894,0.0
1790323452.2813187,0.5122389171078015,-0.04268609867537156,-0.038205863082812895,-0.5598791804782385,0.19016070308936067,0.243150903329985,5.761094569508995,3.002507307589217,0.0
1790323452.3021352,0.5013289355445931,-0.03898041671463249,-0.03346755542213961,-0.5297021356830606,0.17992255809365698,0.23005979584202563,5.784996309492276,2.957656714031807,0.0
1790323452.3224766,0.4909953786957658,-0.03547031592681321,-0.028979329603283248,-0.49962225856781906,0.16971504824969458,0.2170078603002073,5.807252690355265,2.9149722909828313,0.0
1790323452.3412478,0.48152831321629247,-0.03225437699424605,-0.024867236811218243,-0.47051241112553965,0.15983473104714302,0.20437429293346138,5.827314591361688,2.8756962844063443,0.0
1790323452.361945,0.4722737612335902,-0.029110479905452496,-0.020847261050203975,-0.44062236386845605,0.14968791395426947,0.19139996279072435,5.846621398479814,2.8371467406820203,0.0
1790323452.3812592,0.4639068704460186,-0.026268012825774963,-0.017212711814316106,-0.4120036621146692,0.13997118682126,0.17897557151840154,5.8638159731303166,2.8021647649314914,0.0
1790323452.4018943,0.4559607660862724,-0.02356839708007769,-0.01376082087919646,-0.3832965211031316,0.1302231773693135,0.16651118079306776,5.879915989420794,2.768829596559622,0.0
1790323452.423014,0.44852384708459553,-0.0210416864624898,-0.010530016832204416,-0.3547789497411554,0.12053841687562304,0.15412766398692312,5.894780791186516,2.737532696118477,0.0
1790323452.4409235,0.4420121775912305,-0.018829266309181424,-0.007701083461203997,-0.328176105774399,0.11150299632789071,0.14257443225999264,5.907634122152699,2.710052913328404,0.0
1790323452.4608228,0.4357943440850385,-0.016716625561953406,-0.004999734035403692,-0.30122765986414063,0.10234942835019738,0.1308701301286389,5.919765796017714,2.6837472265891034,0.0
1790323452.4807074,0.43010380553033223,-0.014783099455200878,-0.00252741135342424,-0.2748585074701333,0.09339193890947024,0.1194165457986624,5.930747069329547,2.659616591083984,0.0
1790323452.5010917,0.42491426149752526,-0.013019765089241743,-0.00027270605947984466,-0.24904841951619158,0.08462376843631243,0.10820503607839295,5.940660005466755,2.637564466068482,0.0
1790323452.521799,0.4201823227420519,-0.011411890577873696,0.0017832189214910176,-0.2236595005565628,0.07599816179686038,0.09717581704376263,5.949614224331883,2.617419046563739,0.0
1790323452.5408926,0.41606548361922335,-0.010013001756658941,0.003571922239319762,-0.19974697898466764,0.06787372679553959,0.08678742618527607,5.957338719001097,2.599863239079696,0.0
1790323452.5616605,0.4123167263967722,-0.008739171422792378,0.005200718259406211,-0.17600770014872597,0.059807785807709846,0.07647382928783757,5.964319250318625,2.5838537418735665,0.0
1790323452.581076,0.4091127759956359,-0.007650457657130566,0.006592813110170729,-0.15375948721610536,0.052248171728895246,0.06680765240571865,5.970244960230213,2.5701534021744936,0.0
1790323452.601526,0.4062926755735725,-0.006692172768528426,0.007818133760155856,-0.1320601165721377,0.04487479168734235,0.05737960555601605,5.9754299394133685,2.5580811666849934,0.0
1790323452.6211476,0.4039446197467155,-0.00589429031037294,0.008838354222637465,-0.11185789196347268,0.03800993679756724,0.0486017895269404,5.979725007699047,2.5480202167927875,0.0
1790323452.6406968,0.4019637953851671,-0.005221197881422159,0.009699010654092956,-0.09249557861484951,0.03143032142618679,0.04018869788853174,5.983332769043421,2.5395261312155126,0.0
1790323452.6619527,0.4003234332745784,-0.004663802232226505,0.010411730229758586,-0.07384885747235514,0.025093734008212264,0.03208635639694654,5.986309649230833,2.5324873927385445,0.0
1790323452.680789,0.39908237062477914,-0.004242097828699573,0.010950946823881194,-0.057056294520159714,0.01938713359906437,0.02478955415607798,5.988555408676474,2.5271592432430894,0.0
1790323452.70193,0.3981251411718672,-0.003916851303212312,0.011366826578175131,-0.04080333625401945,0.01386382001599369,0.01772711346628261,5.990283758520883,2.523047972923006,0.0
1790323452.7223303,0.3975000239527959,-0.0037044667480691596,0.011638394234359736,-0.026507791763722213,0.009005653476993955,0.011515169761330147,5.9914106906371964,2.5203622725228727,0.0
1790323452.7421904,0.39714070010492525,-0.003582409468748465,0.011794464007150176,-0.013545692782943083,0.0046006097089562065,0.005882616063297321,5.992057868670139,2.518818116650306,0.0
1790323452.76276,0.39702128723053626,-0.003541884439335854,0.011846281745247834,-0.0019111562973065047,0.0006467127648718043,0.0008269258075879335,5.992272919083345,2.518304720162813,0.0
1790323452.7812097,0.3971123300076273,-0.003572879772989775,0.011806649248867008,0.007957381960238812,-0.0027070135212502898,-0.0034613501755361535,5.992109172774509,2.5186956559252596,0.0
1790323452.801055,0.39737808618904386,-0.003663249263214364,0.011691097387601263,0.016230674976591097,-0.005518580932235105,-0.007056389238012041,5.9916307949434415,2.519837267206607,0.0
1790323452.8218946,0.39780015918738154,-0.003806741795998833,0.011507619211506937,0.023040318166503298,-0.007832691601291217,-0.010015350213888045,5.990870440941968,2.5216503080817927,0.0
1790323452.840673,0.398314037694254,-0.00398142899276659,0.011284253663293213,0.027841586876994784,-0.009464211174301532,-0.012101509191705759,5.989943791186605,2.5238574205471362,0.0
1790323452.8614967,0.39892241021185176,-0.004188226854163404,0.011019829489484205,0.03098724785685804,-0.010533001267133931,-0.0134681284370093,5.988845478569314,2.526469921156923,0.0
1790323452.8807268,0.3995506140724737,-0.004401757085687756,0.010746796902625245,0.032175135445209585,-0.010936372773081248,-0.01398390348650818,5.987709932041696,2.529167031306854,0.0
1790323452.9018033,0.40020803714076636,-0.004625211150881822,0.010461075105629351,0.03191377414009188,-0.010847150055556394,-0.013869817957735519,5.98652001433342,2.5319889822055752,0.0
1790323452.9212096,0.4008227367353317,-0.004834136512317743,0.010193930582410927,0.03074023065858087,-0.010447916156052525,-0.013359333500498814,5.98540598744035,2.5346269811576145,0.0
1790323452.9409902,0.4014145042978432,-0.00503526050367365,0.009936761359826912,0.028992121347155096,-0.00985340988675321,-0.012599162055678584,5.984332207176077,2.537166053919886,0.0
1790323452.961768,0.40197697485319417,-0.005226419855728857,0.009692333523911962,0.026890669040961875,-0.009138825959781771,-0.011685452101279938,5.9833103911971595,2.539578960933108,0.0
1790323452.9810038,0.4024818619137598,-0.00539800169927919,0.009472938666948892,0.024709274113980897,-0.008397105120604665,-0.010737043260049282,5.9823921895836065,2.5417444657782386,0.0
1790323453.0016093,0.40295238942217854,-0.005557899063072516,0.009268484288022032,0.022465188547560563,-0.007634097422464396,-0.009761415761641499,5.981535624940242,2.5437622837279195,0.0
1790323453.021318,0.40337225101034313,-0.005700571121428829,0.00908605521984077,0.02031439616848914,-0.006902828905880644,-0.008826371888246896,5.98077059868098,2.5455625749935225,0.0
1790323453.0412521,0.40375302134968505,-0.005829951792068523,0.008920621318785528,0.018257470976501888,-0.006203487809246907,-0.007932152332788234,5.980076229674143,2.5471950537656447,0.0
1790323453.0619886,0.40409532215321853,-0.005946252941280476,0.008771911679886512,0.01633068003263474,-0.005548400620428889,-0.0070945184834531804,5.979451546564329,2.5486624507784343,0.0
1790323453.0808027,0.4043958385052813,-0.006048349271228307,0.008641365176585957,0.014583948573064158,-0.004954538136837582,-0.006335170221729738,5.978902750259959,2.5499506139281483,0.0
1790323453.1019053,0.4046732002288317,-0.006142570637955214,0.008520888074532612,0.012930036223693165,-0.00439223772200934,-0.005616179117957566,5.978395929273459,2.5511394429687737,0.0
1790323453.1219876,0.4049127078856842,-0.006223924322533869,0.00841686436420153,0.011472951012108773,-0.0038968575914793344,-0.004982756311493222,5.977958035975597,2.55216596785364,0.0
1790323453.1407611,0.40512099363675746,-0.006294664706820917,0.008326411457465994,0.010184512706974786,-0.0034588172671068244,-0.0044226516272142455,5.977577039185974,2.5530586445295143,0.0
1790323453.161212,0.4053108693518481,-0.006359143948017109,0.008243964424571306,0.008994714686705584,-0.0030543138113186662,-0.0039054291986204115,5.977229562667373,2.5538724027575226,0.0
1790323453.1807332,0.4054763054796479,-0.006415315319492887,0.008172140333191075,0.007946552507255405,-0.0026979648632437163,-0.0034497800175990545,5.976926686236394,2.554581416026979,0.0
1790323453.2013874,0.4056245771206763,-0.00646565003607718,0.008107779339528897,0.0069985587743057725,-0.0023756721022150733,-0.0030376771240585186,5.97665513111858,2.55521687434591,0.0
1790323453.2216306,0.40575446319790615,-0.006509734530271949,0.008051410255842526,0.006161929736733785,-0.002091241320679451,-0.0026739868329433273,5.976417164353625,2.5557735519111446,0.0
1790323453.240783,0.40586726471371704,-0.006548011790427846,0.008002466650603909,0.005430763595357078,-0.0018426661809375741,-0.0023561437202934375,5.976210430544041,2.556257028383409,0.0
1790323453.2617402,0.40596903336326073,-0.006582536363423789,0.00795832145669862,0.004767695179751997,-0.0016172432725382443,-0.0020679044420509065,5.976023858345636,2.5566932443186765,0.0
1790323453.2808056,0.40605553767080566,-0.006611874012099359,0.007920808575955377,0.004201677048161918,-0.0014248152658322573,-0.0018218544280553118,5.97586522239743,2.557064061945815,0.0
1790323453.3011792,0.4061336489079199,-0.006638356391095424,0.007886946614621576,0.003688931732945404,-0.0012504985714802503,-0.0015989626264969754,5.975721935997376,2.557398934805809,0.0
1790323453.3215325,0.40620248138767584,-0.006661684002525999,0.007857118528693594,0.003235747918633354,-0.0010964316862804092,-0.0014019634479023586,5.975595632992187,2.557694065164766,0.0
1790323453.3409963,0.40626129930585514,-0.0066816090197746114,0.00783164120417724,0.002847559908581152,-0.00096446187342558,-0.0012332189140074569,5.975487674025224,2.557946293556759,0.0
1790323453.3616,0.40631435846336533,-0.006699574354880954,0.007808669647021813,0.0024967612179044242,-0.0008452034554707302,-0.0010807279335665605,5.9753902554610265,2.558173866202008,0.0
1790323453.3809607,0.4063599559667935,-0.0067150045518217525,0.00778893966988268,0.002194828436370229,-0.0007425582123331642,-0.0009494795568727867,5.975306510059235,2.5583694753310704,0.0
1790323453.4016335,0.4064005976954644,-0.006728748912742926,0.007771365303994339,0.0,0.0,0.0,5.975231841405138,2.5585438657462056,0.0
1790323453.4207516,0.4064005976954644,-0.006728748912742926,0.007771365303994339,0.0,0.0,0.0,5.975231841405138,2.5585438657462056,0.0
1790323453.4405107,0.4064005976954644,-0.006728748912742926,0.007771365303994339,0.0,0.0,0.0,5.975231841405138,2.5585438657462056,0.0
1790323453.4608395,0.4064005976954644,-0.006728748912742926,0.007771365303994339,0.0,0.0,0.0,5.975231841405138,2.5585438657462056,0.0
1790323453.4808354,0.4064005976954644,-0.006728748912742926,0.007771365303994339,0.0,0.0,0.0,5.975231841405138,2.5585438657462056,0.0
1790323453.5057728,0.4064006158314028,-0.006728776690708482,0.007771357098059703,1.1432146915944045e-06,-1.7510082821027267e-06,-5.172682456160211e-07,5.97523183800989,2.55854387337792,0.0
1790323453.5209303,0.4064010177526267,-0.006729392294581478,0.007771175241503892,3.831837280444836e-05,-5.869045300867222e-05,-1.733784355703165e-05,5.975231762765395,2.558544042508669,0.0
1790323453.5410316,0.40640459058271605,-0.006734864630725223,0.0077695586496548275,0.00024907607723658853,-0.00038149813618717517,-0.00011269899384717189,5.975231093855818,2.558545545961932,0.0
1790323453.5606623,0.4064152307927058,-0.006751161740928474,0.007764744293440983,0.0006825259485255366,-0.0010453929584514536,-0.0003088212586564065,5.975229101434213,2.558550023231405,0.0
1790323453.5808737,0.40643851640772966,-0.00678682722446319,0.0077542082941052925,0.0014018694234276127,-0.002147177593885694,-0.0006343012756512731,5.975224739289267,2.5585598207490516,0.0
1790323453.6009285,0.4064799473311148,-0.006850285025097059,0.007735462120520627,0.0024187898193958985,-0.003704746831432522,-0.0010944253739580362,5.975216971763626,2.558577250322708,0.0
1790323453.6213229,0.40654675485547576,-0.006952610974299982,0.007705233843038378,0.0037721671944821577,-0.005777651431029079,-0.0017067855418228888,5.975204429930029,2.558605348412881,0.0
1790323453.6408987,0.4066442166787541,-0.007101888674280677,0.007661135471392887,0.0054361907411712256,-0.008326358190330913,-0.0024597032107151816,5.975186096434545,2.5586463233076,0.0
1790323453.6607485,0.40677866851618905,-0.007307822242680421,0.007600300296180859,0.007414509193405805,-0.01135645570385138,-0.0033548293165607634,5.975160732891587,2.5587028186438445,0.0
1790323453.6808484,0.40695890081657765,-0.0075838755973092475,0.007518750919227833,0.00973891735190624,-0.014916642575445999,-0.004406549994272721,5.975126602403757,2.5587784942729552,0.0
1790323453.7006643,0.4071873440837363,-0.007933771426777998,0.00741538761494919,0.012340278902769146,-0.01890102595828007,-0.0055835832632543545,5.975083127042896,2.5588743201106037,0.0
1790323453.7207346,0.4074740729219122,-0.008372940529522756,0.00728565194571956,0.015266701439225334,-0.02338328999479562,-0.00690769627759638,5.975028218803917,2.558994448763744,0.0
1790323453.7406445,0.4078222148603302,-0.008906173195255222,0.007128128804151681,0.01846787612202992,-0.028286378997354547,-0.008356125889478977,5.974961040601205,2.5591400880799293,0.0
1790323453.7618892,0.4082495479017474,-0.00956069915632121,0.006934774210086773,0.02205046497182937,-0.03377366217640066,-0.009977133266903212,5.974877817755802,2.5593185270506864,0.0
1790323453.7806227,0.4082495479017474,-0.00956069915632121,0.006934774210086773,0.0,0.0,0.0,5.974877817755802,2.5593185270506864,0.0
1790323453.800454,0.4082495479017474,-0.00956069915632121,0.006934774210086773,0.0,0.0,0.0,5.974877817755802,2.5593185270506864,0.0
1790323453.8205338,0.4082495479017474,-0.00956069915632121,0.006934774210086773,0.0,0.0,0.0,5.974877817755802,2.5593185270506864,0.0
1790323453.8406003,0.4082495479017474,-0.00956069915632121,0.006934774210086773,0.0,0.0,0.0,5.974877817755802,2.5593185270506864,0.0
1790323453.8606918,0.4082495479017474,-0.00956069915632121,0.006934774210086773,0.0,0.0,0.0,5.974877817755802,2.5593185270506864,0.0
1790323453.8806665,0.4082495479017474,-0.00956069915632121,0.006934774210086773,0.0,0.0,0.0,5.974877817755802,2.5593185270506864,0.0
1790323453.9004874,0.4082495479017474,-0.00956069915632121,0.006934774210086773,0.0,0.0,0.0,5.974877817755802,2.5593185270506864,0.0
1790323453.9205773,0.4082495479017474,-0.00956069915632121,0.006934774210086773,0.0,0.0,0.0,5.974877817755802,2.5593185270506864,0.0
1790323453.9404342,0.4082495479017474,-0.00956069915632121,0.006934774210086773,0.0,0.0,0.0,5.974877817755802,2.5593185270506864,0.0
1790323453.9605513,0.4082495479017474,-0.00956069915632121,0.006934774210086773,0.0,0.0,0.0,5.974877817755802,2.5593185270506864,0.0
1790323453.9805398,0.4082495479017474,-0.00956069915632121,0.006934774210086773,0.0,0.0,0.0,5.974877817755802,2.5593185270506864,0.0
1790323454.0005891,0.4082495479017474,-0.00956069915632121,0.006934774210086773,0.0,0.0,0.0,5.974877817755802,2.5593185270506864,0.0
1790323454.02053,0.4082495479017474,-0.00956069915632121,0.006934774210086773,0.0,0.0,0.0,5.974877817755802,2.5593185270506864,0.0
1790323454.04051,0.4082495479017474,-0.00956069915632121,0.006934774210086773,0.0,0.0,0.0,5.974877817755802,2.5593185270506864,0.0
1790323454.0605052,0.4082495479017474,-0.00956069915632121,0.006934774210086773,0.0,0.0,0.0,5.974877817755802,2.5593185270506864,0.0
1790323454.0809286,0.4082495479017474,-0.00956069915632121,0.006934774210086773,0.0,0.0,0.0,5.974877817755802,2.5593185270506864,0.0
1790323454.1005194,0.4082495479017474,-0.00956069915632121,0.006934774210086773,0.0,0.0,0.0,5.974877817755802,2.5593185270506864,0.0
1790323454.1206641,0.4082495479017474,-0.00956069915632121,0.006934774210086773,0.0,0.0,0.0,5.974877817755802,2.5593185270506864,0.0
1790323454.1404972,0.4082495479017474,-0.00956069915632121,0.006934774210086773,0.0,0.0,0.0,5.974877817755802,2.5593185270506864,0.0
1790323454.1609647,0.4082495479017474,-0.00956069915632121,0.006934774210086773,0.0,0.0,0.0,5.974877817755802,2.5593185270506864,0.0
1790323454.180819,0.4082495479017474,-0.00956069915632121,0.006934774210086773,0.0,0.0,0.0,5.974877817755802,2.5593185270506864,0.0
1790323454.200844,0.4082495479017474,-0.00956069915632121,0.006934774210086773,0.0,0.0,0.0,5.974877817755802,2.5593185270506864,0.0
1790323454.2208385,0.4082495479017474,-0.00956069915632121,0.006934774210086773,0.0,0.0,0.0,5.974877817755802,2.5593185270506864,0.0
1790323454.240705,0.4082495479017474,-0.00956069915632121,0.006934774210086773,0.0,0.0,0.0,5.974877817755802,2.5593185270506864,0.0
1790323454.2606807,0.4082495479017474,-0.00956069915632121,0.006934774210086773,0.0,0.0,0.0,5.974877817755802,2.5593185270506864,0.0
1790323454.2807739,0.4082495479017474,-0.00956069915632121,0.006934774210086773,0.0,0.0,0.0,5.974877817755802,2.5593185270506864,0.0
1790323454.3007164,0.4082495479017474,-0.00956069915632121,0.006934774210086773,0.0,0.0,0.0,5.974877817755802,2.5593185270506864,0.0
